question,query_mode,top_k,ground_truth_summary,contexts,answer
5岁男童，平素喜食油炸零食。近3日食积不化、腹胀如鼓拒按，不思饮食，时有恶心；排便困难（3日未行），口中臭秽明显；手足心发热，小便色黄。舌脉未见明显异常。请按中医辨证论治给出：1)中医病名 2)证型 3)辨证要点 4)治法 5)代表方（列核心药味即可）。,diagnosis,5,病名=食积；证型=食积化热、腑气不通证；辨证要点=饮食不节、油腻助热→食积中焦郁而化热；腹胀拒按、3日未便为腑气不通；恶心为胃失和降；口臭、手足心热、小便黄为内热；治法=消食导滞，清热通腑；方药=保和丸加减（山楂、神曲、莱菔子、陈皮、半夏、茯苓、连翘；便秘加大黄、芒硝）。,"[中医儿科学.pdf | chunk_430] 146
中医儿科学
《杂病源流犀烛 .大便秘结源流》: ""大便秘结,肾病也。经曰:  北方黑水,入通于肾,开窍
9
于二阴
盖以肾主五液,津液盛,则大便调和。

第七节  厌  食
厌食是以较长时期厌恶进食。食量诚少为特征的一种小儿常见病证。中医古代文献中无小儿
厌食的病名,但文献所载 ""不思食""  ""不嗜食""
4不饥不纳""
""恶食""  等病证表现与本病相似。西医学 ""消化功能紊乱""  中的厌食症状可参考本病诊疗。本病可发生于任何季节,但夏季暑湿当令之时 ,可使症状加重。各年龄儿童均可发病,以
1~6岁多见。城市儿童发病率较高。患儿除食欲不振外 ,
一般无其他明显不适
预后良好,
但长期不愈者 ,可使气血生化乏源 ,
抗病能力低下,而易患他病,甚至影响生长发育,转为
疳证。(病因病机)
厌食病因有先天因素及后天因素
病娈脏腑主要在脾胃,病机关键为脾胃失健,纳化失和。小儿生机蓬勃,发育迅速
但脏腑娇嫩,
脾常不足,若先天禀赋不足 ,
或后天调护失宜,都可影
响脾胃的正常纳化功能。致脾胃不和.纳化失健,
而成厌食c
1。先天因素
先天胎禀不足,脾胃薄弱之儿,往往生后即表现不欲吮乳,若后夭又失于调
养。则脾胃怯弱,长期乳食难以增进。另外小儿有脾常不足的生理特点,后天因素较为容易影响
小儿脾胃的纳运功能。厌食较成人更为多见。2。后天因素
(1)  喂养不当
小儿乳食不知自节 ,若家长缺乏育婴保健知识。婴儿期未按期添加辅食;或
片面强调高营养饮食 ,
如过食肥甘。煎炸炙爝之品,超越了小儿脾胃的正常纳化能力;或过于溺
爱,纵其所好,恣意偏食零食。冷食;或饥饱无度;或滥服滋补之品,均可损伤脾胃,产生厌
食。如《素问.痹论》所说: ""饮食自倍,肠胃乃伤。(2)  病传药害
小儿稚阴稚阳之体,发病容易,传娈迅速,若屡患他病,迂延伤脾;或误用
攻伐。峻加消导;或过用苦寒损脾伤阳;或过用温燥耗伤

[中医儿科学.pdf | chunk_555] 190
中医儿科学
口苦口干
大便秘结 ,小便短赤 ,
舌红苔黄腻
脉滑数。证候分析: 本证多见于形体较胖的患儿,平素喜食肥甘厚味,易生痰化热,痰热互结内扰,
引动肝风心火,而见抽动秽语,烦躁易怒,便秘尿黄,舌质红,苔黄腻等痰火之象。辨证要点:  抽动秽语,烦躁不安,便秘尿黄,舌质红,苔黄腻。治法:  清热化痰,息风止动。主方:  黄连温胆汤 (《六因条辨》) 加减。常用药:  黄连。半夏。陈皮。竹茹。枳实。茯苓 天竺黄
僵蚕。石菖蒲。远志。加减:  秽语频出,喉中痰鸣者,加青礞石。木蝴蝶。锦灯笼;眨眼频繁者,加谷精草。青箱
子。密蒙花;烦躁胸闷者,加淡竹叶。连翘。瓜蒌皮;腹胀纳呆者 ,加厚朴 `莱菔子。谷芽。4。脾虚肝旺
证候:  抽动无力,时轻时重,眨眼皱眉 ,嘛嘴搐鼻 ,腹部抽动,喉出怪声 ,精神倦怠,面色
萎黄,食欲不振 ,形瘦性急,夜卧不安,大便不调,舌质淡,苔薄白或薄腻。脉细或细弦。证候分析: 本证多见于平素体质较差 ,或久病吐泻后,脾气虚弱,土虚木旺,肝亢风动则抽
动无力,时轻时重;脾虚不能运化水谷精微
无以生化气血则见面黄形瘦,精神倦怠;脾虚肝亢
则性急易怒,夜卧不安;食欲不振,大便不调。舌质淡。苔薄白。均是脾虚之象。辨证要点:  抽动无力,时轻时重,面色萎黄,食欲不振。治法:  扶土抑木,调和肝脾。主方:  缓肝理脾汤 (《医宗金鉴》)  加减。常用药:  觉参。白术。茯苓。山药。柴胡。白芍。当归。陈皮。酸枣仁。甘草。加减:  抽动频数者 ,加葛根。天麻;肝气亢旺加钩藤。龙骨;手足蠕动频繁者,加木瓜。伸
筋草。鸡血藤;腹部抽动明显者,加木瓜。枳壳。重用白芍。甘草;搐鼻者,加辛夷。苍耳子;食欲不振者 ,加谷芽。山楂。鸡内金;睡眼不安者,加柏子仁 珍珠母;兼心气虚者 ,合用甘草
小麦大枣汤。5。

[中医儿科学.pdf | chunk_428] 第五章
脾系病证
145
预防调护]
1
合理饮食 ,
适当进食蔬莱。水果 ,尤其是粗纤维类蔬莱,并注意适量多饮水。2
经常参加体育活动
避免久坐少动。3。对患儿进行排便训练,养成定时 _
专注排便习惯
4.大便干结临时对症处理,可用开塞露塞肛或肥皂条及蜜煎导纳人肛门通便。(案例分析)
吴某,男 ,4岁,2004年8月10日初诊。患儿形体略胖 ,
面白少华。主诉:  大便干结反复'发作月余 ,
自服清热泻火类药物效不显。大
便4日一行,头干,便出粪质尚可,伴有腹胀,食欲不振 ,夜寐不安,舌质淡红,舌苔薄白腻,
脉数c
辨证:  脾气虚。气机运行不畅,大肠传导障碍。治法:  健脾和胃,行气通便。处方:  人参68,炒白术48,  云苓48,陈皮48,生地黄58,生白芍48, 香附48,广木香48,
当归48,砂仁48,荷叶58,甘草38。3剂,水煎服,日1剂。二诊:  患儿排便较前通畅,2日一行。头稍干,质可,
腹胀盗汗减,
纳可:
舌质淡红,舌苔
薄白,继予上方加入青竹茹48,2剂
水煎服,日1剂。兼调理饮食,增加纤维素粗粮饮食,常
食山药,多饮水 ,忌衿饮食而愈。按语: 本案患者面白无华,形体略胖说明素体脾虚,气血生化无源 ,
气虚则大肠动力不足
推动无力可见大便干结,头干后面粪质尚可也说明了这一点。由于糟粕不能正常排出,影响了气
机的正常运行
胃气不降脾气不升导致了食欲不振,腹胀,
胃不和则夜不安""
出现夜寐不安。方药以四君子汤为主,人参。白术。茯苓甘温益气健脾,陈皮理气燥湿和胃。同时要考虑脾胃与
肝木的关系 ,
中土虚弱极易招致肝木的乘袭,故用当。生白芍养血柔肝润肠 ,香附辛平疏理肝
气;广木香通行脾胃之滞气,又有 ""补气防壅""  之职,砂仁理气行气,醒脾化浊。生地甘寒滋阴
养血 ,防止气虚进一步导致阴虚津亏。荷叶一味独具匠心,清热利湿。升阳降浊。

[中医儿科学.pdf | chunk_348] (二) 治疗原则
本病实证宜清泻心脾积热;  虚证宜滋肾养阴降火。

(三)分证论治
1
心脾积热
证候:  口腔。舌面满布白屑,周围红较甚,
面赤唇红,
烦躁不宁。吮乳啼哭,大便秘结 ,

116
中医儿科学
小便短赤 ,
舌红,苔白厚腻。指纹紫滞 ,
脉滑或滑数。
证候分析:  胎毒内蕴。或口腔不洁,感受秽毒,或久病余邪未清 ,
内积心脾,郁而化热,熏
灼口舌,
故见口腔白屑满布 ,状如鹅口; 心脾热盛则面赤唇红;  积热上扰心神则烦躁不宁;  积热
下移则便秘尿赤。
辨证要点:  口腔。舌面白屑多,周围红,面红唇赤=
0
治法:  清心泻脾。
主方:  清热泻脾散 (《医宗金鉴》)  加减。
常用药:  栀子  石膏。黄连。黄芩。地黄。赤茯苓。灯心草。
加减:  大便秘结者 ,加大黄; 舌苔厚腻者 ,加广藿香。佩兰。猾石; 口干喜饮者,加石斛
芦根。麦冬;  腹胀纳呆者 ,加山楂。麦芽。槟榔。
2。虚火上浮
证候:  口腔舌面白屑散在,周围掀红不重,形体怯弱 ,
面白颧红。手足心热,口干不渴,或
低热盗汗等。舌质红,少苔 ,指纹淡紫
脉细数无力
证候分析:  先天禀赋不足,或生后喂养调护不当,或久病体质虚弱,津液耗伤。阴虚阳亢,
水不制火,虚火上浮 ,熏蒸口舌,故口舌白屑散在,掀红不甚;  面白颧红。手足心热,低热盗
汗,舌红少苔 ,脉细数均为虚火上浮之象c
辨证要点:  口 舌白屑散在,周围掀红不重,舌质红,少苔。
治法:  滋阴降火。
主方:  知柏地黄丸 (《医宗金鉴》) 加减。
常用药:  地黄。山茱萸。山药。茯苓。泽泻。牡丹皮。知母。黄柏。
加减:  口干欲饮者 ,加石斛。玉竹;  低热者,加地骨皮。白薇;  食欲不振者 ,
加鸟梅 木
瓜。麦芽;  大便秘结者 ,加火麻仁;  久病反复 ,虚火上炎者 ,少佐肉桂。
(其他疗法)

[中医儿科学.pdf | chunk_368] 第五章
脾系病证
123
外邪犯胃
褰邪犯胃
外因
喂养不当
乳食积滞
胃失和降。气逆于上
胃热气逆
先天不足
脾胃虚寒
内因
情志失调
肝气犯胃
图5-3
呕吐病因病机示意图
(临床诊断)

(一)诊断要点
1。病史
患儿有乳食不节
饮食不洁。情志不畅。外邪犯胃等病史
0
2。临床表现
(1)  乳食等从胃中上涌,经口而出2
(2)  有嗳腐食臭,恶心纳呆,胃脘胀闷等症。
(3)重证呕吐者,有阴伤液竭之象,如饮食难进,形体消瘦,
神萎烦渴 ,
皮肤干瘪,囟门及
目眶下陷,啼哭无泪,口唇干红,呼吸深长,甚至尿少或无尿,神昏抽搐 ,脉微细欲绝等症。
3。体征
可有胃胀满,肠鸣音活跃或亢进等。
4。辅助检查
(1)  血常规
绝大多数正常,少部分患儿可有白细胞总数和中性粒细胞比例偏高
0
(2)  电解质
呕吐严重者,常伴有电解质紊乱 ,低钠_
低钾等。
(3) 血气分析
可有代谢性酸中毒改娈。
(4)  腹部超声
胃肠功能紊乱所致的呕吐,腹部超声正常。
(5)
胃镜检查
正常,该检查可鉴别胃炎`胃溃疡等疾病所致的呕吐。

[医案示例] 用户问题（摘要）：男性，3岁。主诉及病史:患儿受凉伤食，发热汗出，气逆咳嗽，病已7日。曾服疏表宣肺之剂多付，病有增无减，每日午后壮热尤甚，彻夜咳嗽不休，不能合目。诊查:小便黄少，大便秘结3日。舌苔微黄而燥，指纹色紫，脉滑数。
四步推理：
- 信息提取：受凉;伤食;发热汗出;气逆咳嗽;午后壮热尤甚;小便黄少;大便秘结3日;舌苔微黄而燥;指纹色紫;脉滑数
- 病机推理：B:外邪袭肺; C:入里化热
- 证候推理：C:阳明燥实; F:外感夹滞
- 解释总结：临证体会：《素问·咳论》：“五脏六腑皆令人咳，非独肺也。”然其病变皆主于肺，外邪袭肺，以肺主气而声由此出，故咳嗽之病，无不及于肺。入里化热，则小便黄少，大便秘结。

[医案示例] 用户问题（摘要）：男性，65岁。初诊：1973年。主诉及病史：身体瘦弱，纳食量少，气候温和咳嗽较轻，气候渐寒则咳嗽逐渐加剧，心跳，气短，胸闷，多稀痰。诊查：脉弱，舌质色淡。
四步推理：
- 信息提取：身体瘦弱;纳食量少;气短;胸闷;脉弱;舌质色淡
- 病机推理：身体瘦弱:脾阳不足;纳食量少:脾阳不足;气短:脾阳不足;胸闷:脾阳不足;脉弱:脾阳不足;舌质色淡:脾阳不足
- 证候推理：脾阳不足:脾阳虚
- 解释总结：临证体会：本例为脾阳不足、水湿停肺、宣降失职而致寒饮咳嗽，以咳喘痰稀、纳差、脉弱为主要见症。

[医案示例] 用户问题（摘要）：男性，24岁。初诊：1984年。主诉及病史：1984年下旬，因饮食不洁而引起发热，体温高达40℃，曾在某医院按“上感”治疗未效，又按“急性胃肠炎”治疗亦不效。1984年收住天津医院中医科。诊查：患者发热，白昼热不扬，夜间加重，高达39℃，恶寒，无汗，身重酸楚，口干不欲饮，恶心呕吐，心烦懊快，脘闷纳呆，腹痛拒按，大便日2～3次，呈水样便，无里急后重。舌红苔白腻，脉濡略数。化验检查：白细胞不高；大便常规：粘液便，脓球3～4，红细胞0～1;余无异常。
四步推理：
- 信息提取：急性胃肠炎;恶寒;无汗;身重酸楚;口干不欲饮;恶心呕吐;心烦懊快;脘闷纳呆;腹痛拒按;水样便;舌红苔白腻;脉濡略数
- 病机推理：急性胃肠炎:饮食不洁;无汗:暑湿束表;恶寒:暑湿束表;身重酸楚:暑湿束表;口干不欲饮:升降失常;恶心呕吐:升降失常;心烦懊快:疫毒乘虚内侵中焦;脘闷纳呆:升降失常;腹痛拒按:升降失常;水样便:湿热蕴结肠道;舌红苔白腻:脾胃湿热;脉濡略数:脾胃湿热
- 证候推理：饮食不洁:湿热中阻;脾胃湿热:湿热中阻;疫毒乘虚内侵中焦:湿热中阻;升降失常:湿热中阻;湿热蕴结肠道:湿热中阻;暑湿束表:复感外邪
- 解释总结：临证体会：患者七月下旬发病，正值夏暑多湿之季，易感湿热之邪，加以饮食不洁，损伤脾胃湿热疫毒乘虚内侵中焦，湿热中阻而发病。正如薛生白所说：“太阳内伤，湿饮停聚，客邪再至，内外相引，故病湿热。”湿热中阻，升降失常，上逆而为恶心呕吐，胸闷纳呆；脾失健运，湿邪困脾，津不上承而口干不欲饮；湿热蕴结肠道，传导失司，灼伤脉络而大便稀薄，腹痛便带脓血；暑湿束表则恶寒无汗，身重酸楚；胸中郁热则懊帐心烦；夜间热甚者，盖夜属阴，湿为阴邪，旺于阴分。按一般湿温而言，热不甚高，脉亦不数，今患者发热达40℃，脉亦略数，系湿热并重之势。

[医案示例] 用户问题（摘要）：男孩，2岁零3个月。初诊：1974年。主诉(患儿父亲代诉)及病史：已咳嗽20多日，加重半个月。近则每次连续咳10～20声不等，末后发出吸气性鸡鸣声，咳时面红流泪，俯首弯腰，满身大汗。经某西医院诊断为百日咳，治疗多次，每夜给适量镇静剂也无法镇咳，故转求中医诊治。诊查：咳嗽兼旬，咳久伤络，火郁于肺，咳声连续不歇，面红流泪，舌干燥无津，脉来细数。
四步推理：
- 信息提取：面红流泪;满身大汗;咳嗽;咳声连续不歇;舌干燥无津;脉来细数
- 病机推理：面红流泪:郁火伤津之象;满身大汗:郁火伤津之象;咳嗽:痰浊瘀血阻滞上焦;咳声连续不歇:痰浊瘀血阻滞上焦;舌干燥无津:郁火伤津之象;脉来细数:郁火伤津之象
- 证候推理：痰浊瘀血阻滞上焦:火郁于肺;郁火伤津之象:火郁于肺
- 解释总结：临证体会：其病机为痰浊瘀血阻滞上焦，郁遏气道，肺气不能通达，以致咳嗽阵作。舌干燥无津，乃郁火伤津之象。","

### 四步推理过程  
#### 1. **信息提取**  
- 食积不化；  
- 腹胀如鼓拒按；  
- 不思饮食；  
- 恶心；  
- 排便困难（3日未行）；  
- 口中臭秽明显；  
- 手足心发热；  
- 小便色黄。  

#### 2. **病机推理**  
- **平素喜食油炸零食**：过食肥甘厚味，损伤脾胃，致食积停滞（《中医儿科学》chunk_430）。  
- **食积停滞**：阻滞中焦，气机壅塞，故腹胀如鼓拒按（《中医儿科学》chunk_430）。  
- **积滞化热**：食积郁久化热，热盛伤津，肠道失润，故便秘、口中臭秽（《中医儿科学》chunk_348）。  
- **湿热下注**：热迫膀胱，故小便色黄；热迫于外，故手足心发热（《中医儿科学》chunk_348）。  

#### 3. **证候推理**  
- **核心证型**：**湿热中阻证**（命中不思饮食、小便黄、恶心）。  
- **次要证型**：**食积化热证**（腹胀拒按、便秘、口中臭秽）。  

#### 4. **解释总结**  
- **病名**：积滞（食积化热兼湿热内蕴）。  
- **辨证要点**：过食肥甘致食积停滞，郁而化热，湿热内蕴，症见腹胀拒按、便秘、口臭、小便黄。  
- **治法**：清热化湿，消食导滞。  
- **代表方**：**清热泻脾散合保和丸加减**（栀子、石膏、黄连、黄芩清热；莱菔子、山楂、神曲消积；大黄、槟榔通腑导滞）。  

---

### 最终答案  
1. **中医病名**：积滞（食积化热兼湿热内蕴）【来源 | chunk_348 | 心脾积热证】  
2. **证型**：湿热中阻证（主）兼食积化热证（次）【来源 | chunk_555 | 痰热互结证；chunk_348 | 心脾积热证】  
3. **辨证要点**：过食肥甘致食积停滞，郁而化热，湿热内蕴，症见腹胀拒按、便秘、口臭、小便黄。  
4. **治法**：清热化湿，消食导滞【来源 | chunk_348 | 清心泻脾；chunk_555 | 清热化痰】  
5. **代表方**：  
   - **清热泻脾散**（栀子、石膏、黄连、黄芩、灯心草）  
   - **保和丸加减**（莱菔子、山楂、神曲、大黄、槟榔）【来源 | chunk_348 | 清热泻脾散；chunk_428 | 健脾和胃法】  

**注**：具体用药需结合患儿体质及舌脉动态调整，临床需由中医师辨证施治。"
7岁女童，暴食冷饮后腹痛腹胀，嗳腐酸臭，纳呆，恶心欲吐，大便溏薄夹不消化食物，手足不温。舌淡苔白腻，脉滑。请辨证论治（同上结构）。,diagnosis,5,病名=食积；证型=寒湿食滞（食积夹寒湿）证；辨证要点=暴食冷饮伤脾阳→运化失司、食滞中焦；嗳腐酸臭、纳呆、恶心为食滞胃失和降；寒湿困脾→便溏夹不化、苔白腻、手足不温；治法=温中化湿，消食导滞；方药=香砂六君子汤合保和丸化裁（或平胃散合消导：山楂、神曲、莱菔子配厚朴、陈皮、苍术）。,"[中医诊断学 | 第七章 > 食滞胃脘证 | 食滞胃脘证] (十二)食滞胃脘证
食滞胃脘证是指饮食停积胃脘 _
以胃脘胀满疼痛。拒按,
嗳腐吞酸 泻下臭秽及气滞症状为
主要表现的证。
证候表现/胃脘胀满疼痛
拒按,厌恶食物
嗳腐吞酸,
或呕吐酸馊食物
吐后胀痛得减,
或腹胀腹痛,泻下不爽,肠鸣 ,
矢气臭如败卵 ,
大便酸腐巢秽 ,
舌苔厚腻,
脉滑。
证候分析)多因暴饮暴食,食积不化;  或因素体胃气虚弱,稍有饮食不慎,
即停滞难化
而成。
食积胃脘,
胃失和降 ,
气机不畅,故胃脘胀满疼痛。拒按; 食积于内,腐熟不及
则拒于受
纳,
故厌恶食物; 胃失和降,
胃气上逆,
胃气夹积食
浊气上逆,
则嗳腐吞酸,
或呕吐酸馊食
物;  吐后胃气暂得通畅,故胀痛得减;  若积食下移肠道 _
阻塞气机,则腹胀腹痛,泻下不爽,肠

[中医儿科学.pdf | chunk_455] 154
中医儿科学
预防调护]
1.调节饮食,
合理喂养,
乳食宜定时定量
富含营养。易于消化,忌暴饮暴食。过食肥甘
炙爝。生衿瓜果。偏食零食及妄加滋补。2。根据婴儿生长发育需要,按照月龄添加辅食的品种与数量,增进小儿脾胃功能。3。积滞患儿应暂时控制乳食,给予药物调理,积滞消除后
逐渐恢复正常饮食c
0
4。饮食
起居要有规律,不吃零食,
纠正偏食,少进肥甘厚腻之品,更勿乱服滋补品。案例分析]
刘某,女,5岁。2008年8月12日初诊。主诉:  上腹胀痛2月余。现病史: 2个月以来上腹胀气。时有腹部隐痛,伴恶心,无呕吐,纳少,
大便数日一行,千
结。不畅,面色少华,形瘦,
腹膨隆,触之尚软
无压痛,舌红。苔薄白,脉浮数。辅助检查:
B超示肠腔积气。胃镜示浅表性胃炎。诊断为积滞,辨证属脾虚夹积证。治以消导积滞,理气
运脾。处方:  炒枳壳68,砂仁68 (后下) ,丹参68,广木香38,炒麦芽128,小青皮38,炒白术
茯苓98,鸡内金68,白檀香68,大腹皮98,郁金68,川朴花4.58, 炙甘草38。14剂,日
一剂,水煎服c
9月24日二诊:  上腹部胀气好转 ,腹部隐痛缓解 ,无恶心。呕吐,纳仍少,大便每日一行,
但易秘结。舌淡红 ,苔薄白,脉浮数。处方:  炒白术98,茯苓 98,炒枳壳68,制半夏 98,砂仁68 (后下) ,
鸡内金68, 川厚朴
68,广木香38,铁皮石斛68〈先煎),炒麦芽128,生山楂128,太子参68,黄芪68,炙甘草38。14剂,水煎服。10月22  日三诊:  上腹部胀气好转,纳欠佳,大便已调,舌红,苔薄白,
脉数无力
处方:  太子参68,炒白术68,茯苓98,小青皮4.58,炒麦芽128,生山楂98, 鸡内金68,
炒赤芍68,砂仁68〈后下),炒枳壳68,铁皮石斛 68〈先煎),黄芩68,白檀香68,丹参68,
炙甘草38。

[中医诊断学 | 第一章 > 第五节 | 第五节] 者 ,多属脾胃虚寒,
因脾胃阳虚,
气不化津所致。口中时吐黏涎者,多属脾胃湿热,为湿热困阻中焦。脾失运化。湿浊上泛所致。小儿口角流涎,涎渍颐下,病名曰滞颐,多由脾虚不能摄津所致。亦可见于胃热虫积c
0
睡中流涎者,多为胃中有热或宿食内停 ,痰热内蕴。时时吐唾,多因胃中虚衿 ,肾阳不足,水液上泛所致;胃有宿食,或湿邪留滞
唾液随胃气
上逆而溢于口c
四 望呕吐物
呕吐是胃气上逆所致
外感。内伤皆可引起。呕吐物有多种多样 ,有饮食物。清水或痰涎,
亦可能混有脓。血等。通过观察其形。色。质。量的特点,有助于了解呕吐的原因和病性的寒热
虚实。呕吐物清稀无酸臭,多属寒呕,因脾胃阳虚。腐熟无力,或寒邪犯胃 ,损伤胃阳,水饮内
停,使胃失和降所致。

[中医儿科学.pdf | chunk_373] 寒
证候:  食后良久方吐,或朝食暮吐。暮食朝吐,吐物多为清稀痰水或不消化乳食残渣,伴面
色苍自,精神疲倦 ,
四肢欠温 ,食少不化,腹痛便溏 ,舌淡苔白 ,脉迟缓无力,指纹淡。证候分析:  患儿通常病程较长,素体脾胃素虚,或贪食生衿,寒凝中脘,胃失和降则呕吐,
脾阳不振,通降无力,则食后良久方吐;阳虚气弱,全身失于温养,则四肢欠温,腹痛便溏;面
色苍白。精神疲倦 _
舌淡苔白,脉迟缓无力
指纹淡为脾胃虚寒之象。辨证要点:  食后良久方吐,
吐物不化,清稀而不臭,舌淡苔白。治法:  温中散寒,和胃降逆.主方:  丁萸理中汤 (《医宗金鉴》)  加减。常用药:  党参。白术。甘草。干姜。丁香。吴茱萸。加减:  若呕吐清水,大便稀溏,四肢欠温者,加附子
高良姜。肉桂;腹痛绵绵者,加香
附。陈皮。柿蒂。5。肝气犯胃
证候:  呕吐酸苦,
或嗳气频频
每因情志刺激加重
胸胁胀痛,精神郁闷,易怒易哭,舌边
红,
苔薄腻,脉弦,指纹紫
证候分析:  情志怫郁,
肝气不舒,
横逆犯胃,气机上逆而呕吐酸苦,
或嗳气频频;情志不
遂
肝失疏泄
气机不利则胸胁胀痛,易怒易哭;舌边红。苔薄腻。脉弦。指纹紫为肝气犯胃
之象C
辨证要点:  嗳气吐酸
遇情志刺激加重。舌边红 ,
苔薄腻,
脉弦。洽法:  疏肝理气。和胃降逆。

[中医儿科学.pdf | chunk_430] 146
中医儿科学
《杂病源流犀烛 .大便秘结源流》: ""大便秘结,肾病也。经曰:  北方黑水,入通于肾,开窍
9
于二阴
盖以肾主五液,津液盛,则大便调和。

第七节  厌  食
厌食是以较长时期厌恶进食。食量诚少为特征的一种小儿常见病证。中医古代文献中无小儿
厌食的病名,但文献所载 ""不思食""  ""不嗜食""
4不饥不纳""
""恶食""  等病证表现与本病相似。西医学 ""消化功能紊乱""  中的厌食症状可参考本病诊疗。本病可发生于任何季节,但夏季暑湿当令之时 ,可使症状加重。各年龄儿童均可发病,以
1~6岁多见。城市儿童发病率较高。患儿除食欲不振外 ,
一般无其他明显不适
预后良好,
但长期不愈者 ,可使气血生化乏源 ,
抗病能力低下,而易患他病,甚至影响生长发育,转为
疳证。(病因病机)
厌食病因有先天因素及后天因素
病娈脏腑主要在脾胃,病机关键为脾胃失健,纳化失和。小儿生机蓬勃,发育迅速
但脏腑娇嫩,
脾常不足,若先天禀赋不足 ,
或后天调护失宜,都可影
响脾胃的正常纳化功能。致脾胃不和.纳化失健,
而成厌食c
1。先天因素
先天胎禀不足,脾胃薄弱之儿,往往生后即表现不欲吮乳,若后夭又失于调
养。则脾胃怯弱,长期乳食难以增进。另外小儿有脾常不足的生理特点,后天因素较为容易影响
小儿脾胃的纳运功能。厌食较成人更为多见。2。后天因素
(1)  喂养不当
小儿乳食不知自节 ,若家长缺乏育婴保健知识。婴儿期未按期添加辅食;或
片面强调高营养饮食 ,
如过食肥甘。煎炸炙爝之品,超越了小儿脾胃的正常纳化能力;或过于溺
爱,纵其所好,恣意偏食零食。冷食;或饥饱无度;或滥服滋补之品,均可损伤脾胃,产生厌
食。如《素问.痹论》所说: ""饮食自倍,肠胃乃伤。(2)  病传药害
小儿稚阴稚阳之体,发病容易,传娈迅速,若屡患他病,迂延伤脾;或误用
攻伐。峻加消导;或过用苦寒损脾伤阳;或过用温燥耗伤

[医案示例] 用户问题（摘要）：女性，20岁。初诊:1981年。主诉及病史:食后呕吐已2年余，常于餐后10~30分钟即发呕吐。有呕吐之征，而无恶心之感，至吐出所进饮食遂安，脘腹无明显胀痛不适感。餐后口干，喜进汤饮或喝水，但饮后又复呕吐。大便干结不畅，形体消瘦。患者一度不思饮食，曾查肝功能、上消化道钡餐均无异常发现，诊为“神经性呕吐”，屡经中西药物治疗，效果不彰。诊查:患者诉自发生呕吐以来，月经不潮长达7个月之久，去年一度潮后又复闭经，迄今未潮，且常感头昏，面色略显晦滞，但形体不变，性情沉闷，寡言不欢，懒于动作，时易气恼，大便5日一更，苔薄脉和弦小。
四步推理：
- 信息提取：食后呕吐;大便干结不畅;形体消瘦;月经不潮;头昏;面色略显晦滞;性情沉闷;寡言不欢;懒于动作;时易气恼;大便5日一更;苔薄脉和弦小
- 病机推理：食后呕吐:胃气不降;月经不潮:肝气失疏;头昏:肝气失疏;面色略显晦滞:肝气失疏;性情沉闷:肝气失疏;寡言不欢:肝气失疏;时易气恼:肝气失疏;懒于动作:肝气失疏;苔薄脉和弦小:肝气失疏;大便5日一更:肝气失疏;大便干结不畅:肝气失疏;形体消瘦:肝气失疏
- 证候推理：胃气不降:肝气犯胃;肝气失疏:肝气犯胃
- 解释总结：临证体会：“反胃”一证，究于胃气不降，而本例胃气所以不降，当责之于肝之失疏。盖患者餐后即吐，虽经2年，但形体不变，诊见弦脉，非一般虚寒无火不燠水谷之反胃可知，且见面色暗滞、性情沉闷、寡言易恼、经期不潮等一派肝气失疏、气机失畅之征。肝既郁而不疏，则中运滞而失降，此系本例反胃呕吐之病机癜结。

[医案示例] 用户问题（摘要）：男性，12岁。主诉及病史：患周期性腹痛，呕吐3年余。起病于饮食生冷，每于饮食不节即诱发。曾经摄片、剖腹探查未确诊。后经检查发现脑电图异常，诊断为腹型癫痫，用大仑丁等治疗亦未奏效。每半月左右便大发作1次。诊查：患儿发作时弯腰捧腹，唇白面青，额出冷汗，呕吐如射，缓解后则一如常人。舌苔薄白，舌质偏红
四步推理：
- 信息提取：周期性腹痛;呕吐;饮食不节;唇白面青;额出冷汗;呕吐如射;舌质偏红
- 病机推理：周期性腹痛:脾寒;呕吐:胃失和降;饮食不节:胃失和降;唇白面青:脾寒;额出冷汗:脾寒;呕吐如射:胃失和降;舌质偏红:肝木上亢
- 证候推理：脾寒:脾寒肝旺;肝木上亢:脾寒肝旺;胃失和降:胃气上逆
- 解释总结：临证体会：本例起于贪食生冷，发于饮食不节，唇白苔薄，为脾寒之象；发时大腹剧痛，面色发青，呕吐如射，舌质偏红，又系肝木上亢，胃失和降之征。《幼科铁镜》谓：“肝木乘脾痛者，肝木克脾，脾虚不胜其克，则肝气无所泄，故乘脾之衰而作痛也。其候唇白，口中色淡，面多青色，痛则腹连两胁，重按其腹则痛止，起手又痛是也。”

[医案示例] 用户问题（摘要）：女性，50岁。初诊:1983年。主诉及病史:近40天来，胸骨后及胃脘部胀痛，胸骨后有灼热感，吞咽时有梗噎感，伴嗳气、恶心、泛酸，时呕吐出食物，纳食差，大便秘结。进寒冷食物时疼痛加剧，周身疲乏无力，经用中西药治疗无明显效果。诊查:现面色无华。舌质淡红、舌苔薄黄，脉弦滑略数，经钡餐透视检查诊为可复性食管裂孔疝，反流性食管炎。
四步推理：
- 信息提取：胸骨后及胃脘部胀痛;胸骨后有灼热感;吞咽时有梗噎感;嗳气;恶心;泛酸;呕吐;纳食差;便秘结;舌苔薄黄;脉弦滑略数
- 病机推理：胸骨后及胃脘部胀痛:胃失和降;胸骨后有灼热感:胃失和降;吞咽时有梗噎感:肝郁气滞;嗳气:胃失和降;恶心:胃失和降;泛酸:胃失和降;呕吐:胃失和降;纳食差:胃失和降;便秘结:内有郁热;舌苔薄黄:内有郁热;脉弦滑略数:肝郁气滞;脉弦滑略数:内有郁热;脉弦滑略数:痰实
- 证候推理：胃失和降:肝胃不和;肝郁气滞:肝胃不和;内有郁热:痰热互结;痰实:痰热互结
- 解释总结：临证体会：此例胃脘胀痛，并有胸骨后食管灼热疼痛，吞咽时有梗噎感，显系胃失和降，肝郁气滞;舌苔黄，脉滑略数，显系内有郁热、痰实。","

### 四步推理：

#### 信息提取：  
腹痛腹胀；嗳腐酸臭；纳呆；恶心欲吐；大便溏薄夹不消化食物；手足不温；舌淡苔白腻；脉滑。

---

#### 病机推理：  
- **腹痛腹胀、嗳腐酸臭、大便溏薄夹不消化食物**：暴食冷饮，食积停滞，胃失和降，气机阻滞，故见腹胀痛、嗳腐及便夹不消化物（【中医诊断学 | 第七章 | 食滞胃脘证】）。  
- **手足不温、舌淡苔白腻**：食积内停，脾阳受困，运化失职，寒湿内生，故见手足不温、舌苔白腻（【中医诊断学 | 第一章 > 第五节 | 第五节】）。  
- **脉滑**：食滞内停之象（【中医诊断学 | 第七章 | 食滞胃脘证】）。  

---

#### 证候推理：  
核心证型：**食滞胃脘证**（兼脾胃虚寒倾向）。  
- 食滞胃脘为本证主因，暴食冷饮致食积停滞，胃气不降（【中医诊断学 | 第七章 | 食滞胃脘证】）。  
- 手足不温、舌淡苔白腻提示脾胃阳气受损，寒湿内生，但病程短、以实证为主，故脾胃虚寒为兼夹表现（【中医儿科学.pdf | chunk_373 | 脾胃虚寒证】）。  

---

#### 解释总结：  
临证体会：患儿因暴食冷饮，致食积停滞，胃失和降，故见腹胀痛、嗳腐酸臭、便溏夹不消化物；食积伤及脾阳，寒湿内生，故手足不温、舌苔白腻。脉滑为食滞之征，脉象未见虚象，故以食滞胃脘证为主，兼脾胃虚寒倾向。  
**治法方向**：消食导滞为主，佐以温中散寒。可参考保和丸合香砂六君子汤加减，如山楂、神曲、莱菔子消积导滞，配干姜、砂仁温中散寒，陈皮、茯苓健脾化湿（【中医诊断学 | 第七章 | 食滞胃脘证】；【中医儿科学.pdf | chunk_455 | 积滞案】）。  

---

### 关键依据标注：  
- 食滞胃脘证的核心症状及病机分析：【中医诊断学 | 第七章 | 食滞胃脘证】。  
- 脾胃虚寒倾向的舌脉表现：【中医诊断学 | 第一章 > 第五节 | 第五节】；【中医儿科学.pdf | chunk_373 | 脾胃虚寒证】。  
- 治疗思路参考：【中医儿科学.pdf | chunk_455 | 积滞案】。"
32岁女，便秘半年，大便干结如羊屎，排便费力，口干咽燥，五心烦热，夜寐不安。舌红少津，脉细数。请辨证论治（同上结构）。,diagnosis,5,病名=便秘；证型=阴虚肠燥证；辨证要点=阴虚津亏→肠失濡润而便干如羊屎、排便费力；虚热内扰→五心烦热、夜寐不安；口干咽燥、舌红少津、脉细数为阴虚热象；治法=滋阴润燥，增液通便；方药=增液汤加减（玄参、麦冬、生地；便难甚佐火麻仁）。,"[中国药典 2025年版 1部.pdf | chunk_2682] 肺燥咳嗽
，
大便秘结
。
【
用 法 与 用 逛
】
9
〜
1 5
g
。
【
贮藏
】
S
阴凉干燥处
，
防蛀
。

392
 -

[中药学 | 第二十八章 > 便秘常用药 | 便秘常用药] 15.便秘常用药
(1)实热内结证:  大黄
芒硝  番泻叶  芦荟  牵牛子
虎杖  枳实  厚朴
(2)津枯肠燥证:  火麻仁  郁李仁  蜂蜜  苦杏仁  桃仁  柏子仁  松子仁
瓜蒌仁
决明
子  冬葵子  紫苏子  知母  天冬  麦冬  玄参
(3)精血亏虚证:  当归  桑椹  黑芝麻
生何首鸟
核桃仁
肉苁蓉
锁阳
怀牛膝
(4)气滞肠燥证:  槟榔  枳实  木香  厚朴  郁李仁
(5〉阳虚寒凝证:  巴豆
硫黄
肉苁蓉  锁阳  核桃仁

[中医儿科学.pdf | chunk_423] 虚大肠传导无力.则时有便意,
大便不千
努挣难下,
排便时汗出气怯;神
疲乏力,面色少华为气虚化生乏源;舌淡苔薄
脉虚弱 _
指纹淡红为气虚之象。辨证要点:  时有便意,大便不干,努挣难下,神疲乏力
0
治法:  益气润肠通便。主方:  黄芪汤 (《金匮翼》) 加减。常用药:  黄芪。火麻仁。陈皮。蜂蜜
加诚:  汗多气短者,加北沙参。麦冬。五味子;气虚下陷脱肛者,
重用黄芪,加升麻。柴
胡;肾阳不足 ,大便不干,排出困难 ,腹中冷痛,四肢欠温者 ,加党参。千姜`肉苁蓉。5。血虚便秘
证候:  大便干结,艰涩难下,面白无华,唇甲色淡,心悸目眩,舌质淡嫩,
苔薄白,脉细
弱 ,
指纹淡。证候分析:  血虚失养,肠道失润,则大便干结,艰涩难下;心主血脉,
血虚无以荣养 ,则面
白无华,唇甲色淡,心悸目眩;舌质淡嫩
苔薄白。脉细弱。指纹淡为血虚之征象。辨证要点:  大便干结,艰涩难下,面卣无华,唇甲色淡。治法:  养血润肠通便。主方:  润肠丸 (《沈氐尊生方》)  加减。常用药:  地黄。当归。火麻仁。桃仁。枳壳。

[中医儿科学.pdf | chunk_424] 144
中医儿科学
加减:  大便干燥者 ,加玄参。麦冬。肉苁蓉; 心悸者
加酸枣仁。柏子仁;  唇甲色淡者,加
阿胶; 口干心烦者,加玄参。牡丹皮。栀子;  兼气虚者,加黄芪。党参。
6。阴虚便秘
证候:  大便干结,形体消瘦,口干渴,盗汗,五心烦热,舌质红,少苔,脉细数,指纹
紫滞。
证候分析: 本证多见于素体阴虚或病后伤阴的患儿。肾主水而司二便。肾阴不足,
肠道失
濡,干涸艰涩,则大便干结,排出不畅; 胃喜润恶燥,
阴虚胃津匮乏。食纳不香,故形体消瘦;
阴虚内热,蒸腾津液,则盗汗,口干渴,五心烦热,舌质红,少苔。
辨证要点:  大便干结 .
形体消瘦。口干渴,盗汗,舌质红,少苔。
治法:  增液润燥通便。
主方:  增液汤 (《温病条辨》) 合益胃汤 (《温病条辨》)  加减。
常用药:  玄参。地黄。麦冬。沙参。玉竹。
加减:  大便干硬状如羊粪者 ,加大黄。芒硝;  兼血虚者,加当归。鸡血藤;  盗汗著者,加鳖
甲。煅龙骨。煅牡蛎;  兼气虚者,加黄芪。白术 太子参。
(其他疗法)

[中药学 | 第十章 > 第二节 > 津枯肠燥。食积气滞,腹胀便秘 | 津枯肠燥。食积气滞,腹胀便秘] 1.津枯肠燥。食积气滞,腹胀便秘
本品质润多脂
润肠通便作用类似火麻仁而力较强
且
润中兼可行大肠之气滞。常与火麻仁柏子仁 杏仁等润肠通便药同用,
用于津枯肠燥便秘之
证。如五仁丸 (《世医得效方》)。若食积气滞,
腹胀便秘,可与枳实。厚朴。陈皮等药配伍;  若
与芒硝。当归。生地等配伍,可治产后肠胃燥热,大便秘结。

[医案示例] 用户问题（摘要）：女性，50岁。初诊：1983年。主诉及病史：大便秘结，坚如羊矢14年。患者自述，在1968年胆囊切除术前后，注射及口服氯霉素制剂较多，以后就出现大便秘结，五六天或七八天解一次，大便坚燥。十数年来，依靠服蜂蜜、大黄水、当归芦荟丸等维持，殊不知越服大便越秘，甚为所苦。胆囊切除后仍上脘隐痛，阵发性剧痛，大发作时须肌注冬眠宁、杜冷丁方能缓解。诊查：腕、肘、膝、踝诸关节酸痛，食少，大便后饮食稍增，不易入睡，性情急躁，口苦喜热饮，五心烦热，脘痛巅眩。舌质红淡紫，苔薄黄，脉弦略数。
四步推理：
- 信息提取：大便秘结;上脘隐痛;阵发性剧痛;关节酸痛;食少;不易入睡;性情急躁;口苦喜热饮;五心烦热;脘痛巅眩;舌质红淡紫;苔薄黄;脉弦略数
- 病机推理：大便秘结:出入升降之机停废;上脘隐痛:出入升降之机停废;阵发性剧痛:肝气郁滞;关节酸痛:出入升降之机停废;食少:肝气郁滞;不易入睡:出入升降之机停废;性情急躁:肝气郁滞;口苦喜热饮:出入升降之机停废;五心烦热:出入升降之机停废;脘痛巅眩:肝气郁滞;舌质红淡紫:肝气郁滞;苔薄黄:出入升降之机停废;脉弦略数:肝气郁滞
- 证候推理：肝气郁滞:肝胆湿热郁滞;出入升降之机停废:气血失和
- 解释总结：临证体会：本例因肝气郁滞，少阳枢机不利，出入升降之机停废而导致大便秘结，艰涩不通。

[医案示例] 用户问题（摘要）：男性，60岁。主诉及病史：患者为一外科痔疮住院病人，手术后不大便已6日，曾多次服泻下药无效，继又灌肠2次，大便仍不通，甚以为苦。西医亦感棘手。乃商于予，用中药通便。诊查：诊视病人大腹胀硬，面红气粗，欲大便不得。舌红少津，六脉沉涩。
四步推理：
- 信息提取：大腹胀硬;面红气粗;舌红少津;六脉沉涩
- 病机推理：大腹胀硬:血枯火秘证;面红气粗:血枯火秘证;舌红少津:血枯火秘证;六脉沉涩:血枯火秘证
- 证候推理：血枯火秘证:燥结便秘
- 解释总结：临证体会：本案为老年血枯火秘证，故泻下、灌肠便不通。

[医案示例] 用户问题（摘要）：男性，27岁。初诊：1982年。主诉及病史：西医诊断为粘连性肠梗阻。诊查：平素嗜纳牛羊肉，经常便秘腹痛。脉弦，苔薄。
四步推理：
- 信息提取：便秘腹痛;脉弦;苔薄
- 病机推理：便秘腹痛:腑气不通;脉弦:腑气不通;苔薄:腑气不通
- 证候推理：腑气不通:阳明腑实
- 解释总结：临证体会：此例系粘连性肠梗阻所致的腹痛，因热结于内，气血瘀滞，腑气不通，故见大便秘结，腹胀且痛，属阳明腑实。","

- 信息提取：大便干结如羊屎；排便费力；口干咽燥；五心烦热；夜寐不安；舌红少津；脉细数  
- 病机推理：  
  - 大便干结如羊屎：阴液亏虚致肠道失润【来源 | 中医儿科学.pdf | chunk_424】  
  - 排便费力：津枯肠燥致传导无力【来源 | 中医儿科学.pdf | chunk_424】  
  - 口干咽燥：阴虚津液不能上承【来源 | 中医儿科学.pdf | chunk_424】  
  - 五心烦热：阴虚内热，虚火内扰【来源 | 中医儿科学.pdf | chunk_424】  
  - 夜寐不安：阴虚火旺，心神不宁【来源 | 中医儿科学.pdf | chunk_424】  
  - 舌红少津：阴虚津亏之象【来源 | 中医儿科学.pdf | chunk_424】  
  - 脉细数：阴虚内热之脉【来源 | 中医儿科学.pdf | chunk_424】  
- 证候推理：阴虚便秘证（核心证型）  
- 解释总结：  
  临证体会：本案属阴虚肠燥便秘证。阴液亏虚，虚火内扰，致肠道失润、传导无力，故见大便干结如羊屎、排便费力；阴虚津液不能上承则口干咽燥，虚火内扰则五心烦热、夜寐不安。治法当以增液润燥通便为主，可选用增液汤合益胃汤加减，如玄参、麦冬、生地、沙参、玉竹等滋阴润肠之品【来源 | 中医儿科学.pdf | chunk_424】。若需通便，可酌加少量芒硝或大黄【来源 | 中医儿科学.pdf | chunk_424】。"
45岁男，便秘反复，排便不爽，腹胀腹痛时作，情志不畅时加重，嗳气频作。舌苔薄白，脉弦。请辨证论治。,diagnosis,5,病名=便秘；证型=气机郁滞（气滞便秘）证；辨证要点=情志郁结→肝气郁滞、气机不畅；腑气不通→便秘、排便不爽；气滞则胀痛、嗳气频作；舌苔薄白、脉弦为气郁；治法=疏肝理气，行滞通便；方药=六磨汤/柴胡疏肝散加减（配枳实、厚朴、槟榔等行气导滞）。,"[金匮要略 | 痰饮 > ) | )] 眩吐涎
小便不利
临床应用 )
本方证可兼见大便秘结 _
小便不利。浮肿。脉沉弦有力等症。病人服药后可泻出痰涎,
并有
舒适感。本方对肺心病。心包炎
胸膜炎.哮喘。肝硬化腹水。急性肾功能衰竭。幽门梗阻等属
饮邪内结。痰热壅滞的实证,均有一定疗效。但脾虚饮停者不宜。(医案举例 )
朱某,男,25 岁。春间患风寒咳嗽,及至全身浮肿,
医用开鬼门法 ,
浮肿全消,
但咳嗽仍
紧,腹感满胀:..迁延半年,腹大如鼓。吾夏月治其邻人某之病,
因来复诊,按脉沉实,面目浮
肿。口舌干燥,却不渴,腹大如瓮,有时鸣声胀满,延及膻中,小便黄短,大便燥结,数日一
行,起居饮食尚好,殊无羸状。如果属虚 ,
服药当效
而反增剧者 ,
其为实也明甚。审病起源风
寒,太阴之表邪未尽 ,水气留滞 ,不能由肺外散,
反而逐渐深入中焦,
与太阴之湿混合为一,并
走肠间 ,辘辘有声,而三焦决渎无权,不从膀胱气化而外溢 ,积蓄胃肠而成水臌。当趁其体质未
虚,乘时而攻去之。依《金匮》法,处防己椒目葶苈大黄丸 (改汤 )。此以防己`椒目行水,葶
苈泻肺,大黄清肠胃积热
可收快利之效。药后水泻数次。腹胀得减。再2剂。下利尤甚,腹又
遂消,小便尚不长,用扶脾利水滋阴之法,
改服茯苓导水汤配吞六味地黄丸。旬日而瘥。(赵守
真 .治验回忆录 .北京:  人民卫生出版社 ,

[金匮要略 | 上燥下寒水停 | 上燥下寒水停] 例 )
余某,72岁 ,患小便点滴不通 ,
曾用八正。五苓及西药利尿。导尿诸法均不效,
患者拒用
手术,经友人介绍余诊。诊见:  口渴甚苦而不欲饮,
以水果自舐之,小便点滴不通 ,
少腹胀急难
忍,手足微凉,
舌质胖有齿痕。苔黄腻偏干 ,
脉沉细而数。诊为高年癃闭 ,
投栝楼瞿麦丸加车前
子。牛膝。天花粉128,瞿麦 IOg,茯苓128,山药128,牛膝128, 车前子128(包)。熟附子
IOg。药服1剂,小便渐通,胀急略减。再服3剂,病去若失。[程昭寰 .谈《金匮》栝楼瞿麦丸
证 .山东中医杂志,
1983(2): &]

[中医儿科学.pdf | chunk_423] 虚大肠传导无力.则时有便意,
大便不千
努挣难下,
排便时汗出气怯;神
疲乏力,面色少华为气虚化生乏源;舌淡苔薄
脉虚弱 _
指纹淡红为气虚之象。辨证要点:  时有便意,大便不干,努挣难下,神疲乏力
0
治法:  益气润肠通便。主方:  黄芪汤 (《金匮翼》) 加减。常用药:  黄芪。火麻仁。陈皮。蜂蜜
加诚:  汗多气短者,加北沙参。麦冬。五味子;气虚下陷脱肛者,
重用黄芪,加升麻。柴
胡;肾阳不足 ,大便不干,排出困难 ,腹中冷痛,四肢欠温者 ,加党参。千姜`肉苁蓉。5。血虚便秘
证候:  大便干结,艰涩难下,面白无华,唇甲色淡,心悸目眩,舌质淡嫩,
苔薄白,脉细
弱 ,
指纹淡。证候分析:  血虚失养,肠道失润,则大便干结,艰涩难下;心主血脉,
血虚无以荣养 ,则面
白无华,唇甲色淡,心悸目眩;舌质淡嫩
苔薄白。脉细弱。指纹淡为血虚之征象。辨证要点:  大便干结,艰涩难下,面卣无华,唇甲色淡。治法:  养血润肠通便。主方:  润肠丸 (《沈氐尊生方》)  加减。常用药:  地黄。当归。火麻仁。桃仁。枳壳。

[中药学 | 第二十八章 > 便秘常用药 | 便秘常用药] 15.便秘常用药
(1)实热内结证:  大黄
芒硝  番泻叶  芦荟  牵牛子
虎杖  枳实  厚朴
(2)津枯肠燥证:  火麻仁  郁李仁  蜂蜜  苦杏仁  桃仁  柏子仁  松子仁
瓜蒌仁
决明
子  冬葵子  紫苏子  知母  天冬  麦冬  玄参
(3)精血亏虚证:  当归  桑椹  黑芝麻
生何首鸟
核桃仁
肉苁蓉
锁阳
怀牛膝
(4)气滞肠燥证:  槟榔  枳实  木香  厚朴  郁李仁
(5〉阳虚寒凝证:  巴豆
硫黄
肉苁蓉  锁阳  核桃仁

[中医儿科学.pdf | chunk_419] (二) 鉴别诊断
与先天性巨结肠。机械性肠梗阻所致便秘相鉴别
鉴别要点见表5 -6。

142
中医儿科学
表5-6
功能性便秘与先天性巨结肠。机械性肠梗阻所致便秘的鉴别要点
鉴别点
功能性便秘
先天性巨纬肠
机械性肠梗阻
主症
便秘时轻时重
顽固性便秘
新生儿胎便排出延迟
急性便秘
便秘症状进行性加重
伴随表现
可伴有腹胀。腹痛
排便后缓解,食
严重腹胀。消瘦。生长发育落后等
阵发性剧烈腹痛腹胀。恶心呕吐
欲不振 -
排便哭闹等症
肠鸣音亢进
辅助检查
多无阳性发现
钡剂灌肠检查显示近直肠 -乙状结肠
腹部 X 线检查显示多个扩张肠袢
处狭窄
上段结肠异常扩大
及较宽液平面。结肠远端及直肠
无气
辨证论治)

[医案示例] 用户问题（摘要）：男性，27岁。初诊：1982年。主诉及病史：西医诊断为粘连性肠梗阻。诊查：平素嗜纳牛羊肉，经常便秘腹痛。脉弦，苔薄。
四步推理：
- 信息提取：便秘腹痛;脉弦;苔薄
- 病机推理：便秘腹痛:腑气不通;脉弦:腑气不通;苔薄:腑气不通
- 证候推理：腑气不通:阳明腑实
- 解释总结：临证体会：此例系粘连性肠梗阻所致的腹痛，因热结于内，气血瘀滞，腑气不通，故见大便秘结，腹胀且痛，属阳明腑实。

[医案示例] 用户问题（摘要）：男性，60岁。主诉及病史：患者为一外科痔疮住院病人，手术后不大便已6日，曾多次服泻下药无效，继又灌肠2次，大便仍不通，甚以为苦。西医亦感棘手。乃商于予，用中药通便。诊查：诊视病人大腹胀硬，面红气粗，欲大便不得。舌红少津，六脉沉涩。
四步推理：
- 信息提取：大腹胀硬;面红气粗;舌红少津;六脉沉涩
- 病机推理：大腹胀硬:血枯火秘证;面红气粗:血枯火秘证;舌红少津:血枯火秘证;六脉沉涩:血枯火秘证
- 证候推理：血枯火秘证:燥结便秘
- 解释总结：临证体会：本案为老年血枯火秘证，故泻下、灌肠便不通。

[医案示例] 用户问题（摘要）：女性，50岁。初诊：1983年。主诉及病史：大便秘结，坚如羊矢14年。患者自述，在1968年胆囊切除术前后，注射及口服氯霉素制剂较多，以后就出现大便秘结，五六天或七八天解一次，大便坚燥。十数年来，依靠服蜂蜜、大黄水、当归芦荟丸等维持，殊不知越服大便越秘，甚为所苦。胆囊切除后仍上脘隐痛，阵发性剧痛，大发作时须肌注冬眠宁、杜冷丁方能缓解。诊查：腕、肘、膝、踝诸关节酸痛，食少，大便后饮食稍增，不易入睡，性情急躁，口苦喜热饮，五心烦热，脘痛巅眩。舌质红淡紫，苔薄黄，脉弦略数。
四步推理：
- 信息提取：大便秘结;上脘隐痛;阵发性剧痛;关节酸痛;食少;不易入睡;性情急躁;口苦喜热饮;五心烦热;脘痛巅眩;舌质红淡紫;苔薄黄;脉弦略数
- 病机推理：大便秘结:出入升降之机停废;上脘隐痛:出入升降之机停废;阵发性剧痛:肝气郁滞;关节酸痛:出入升降之机停废;食少:肝气郁滞;不易入睡:出入升降之机停废;性情急躁:肝气郁滞;口苦喜热饮:出入升降之机停废;五心烦热:出入升降之机停废;脘痛巅眩:肝气郁滞;舌质红淡紫:肝气郁滞;苔薄黄:出入升降之机停废;脉弦略数:肝气郁滞
- 证候推理：肝气郁滞:肝胆湿热郁滞;出入升降之机停废:气血失和
- 解释总结：临证体会：本例因肝气郁滞，少阳枢机不利，出入升降之机停废而导致大便秘结，艰涩不通。","

### 四步推理  
#### 信息提取  
便秘；排便不爽；腹胀腹痛；情志不畅时加重；嗳气频作；舌苔薄白；脉弦。  

#### 病机推理  
- **便秘、排便不爽、腹胀腹痛**：肝气郁滞，横逆犯脾，传导失司，腑气不通。  
- **情志不畅时加重**：肝郁气滞为本病关键诱因，情志不遂则气机更郁，加重腑气不通。  
- **嗳气频作**：肝气上逆犯胃，胃气失和，故嗳气。  
- **舌苔薄白、脉弦**：舌苔薄白为气机郁滞未化热，脉弦主肝郁气滞。  

#### 证候推理  
核心证型：**气机郁滞证**（主证）。  
依据：  
- 情志不畅与症状加重的关联（【知识图谱证候候选召回】气机郁滞证命中项：情志不畅、脉弦）；  
- 肝郁脾虚、气滞腑实的病机符合《中医儿科学》中“气滞肠燥证”的核心病机（虽为儿科，但病机通用），且患者无湿热或血虚表现（【中医儿科学.pdf | chunk_423】）。  

#### 解释总结  
**病机**：肝郁气滞，横逆犯脾，气机阻滞，传导失司，故见便秘、腹胀腹痛；情志波动加重气滞，故症状随情绪起伏；嗳气为肝胃气逆，舌脉亦为气滞之象。  
**治法方向**：疏肝理气，导滞通便。  
**参考治则**（需结合临床）：可选用柴胡疏肝散合六磨汤加减，如柴胡、陈皮、木香、厚朴、槟榔、枳实等（【中药学 | 第二十八章】气滞肠燥证常用药：木香、厚朴、枳实）。  

【来源 | 章节 | 标题】  
- 气机郁滞证病机分析：【知识图谱证候候选召回】  
- 治法用药依据：【中药学 | 第二十八章 > 便秘常用药 | 便秘常用药】（气滞肠燥证用药）；【中医儿科学.pdf | chunk_423】（气滞相关病机）。"
28岁男，腹痛即泻2日，泻下急迫，便黄臭秽，肛门灼热，口渴喜冷饮，小便短赤。舌红苔黄腻，脉滑数。请辨证论治。,diagnosis,5,病名=泄泻；证型=湿热下注（肠道湿热）证；辨证要点=湿热蕴结肠腑→泻下急迫、便黄臭秽；热迫津泄→口渴喜冷；肛门灼热、小便短赤为热象；舌红苔黄腻、脉滑数为湿热；治法=清热利湿，分利止泻；方药=葛根芩连汤加减（葛根、黄芩、黄连、甘草）。,"[中医儿科学.pdf | chunk_403] (三)分证论治
1。常证
(1)  湿热泻
证候:  大便水样 ,
或如蛋花汤样
泻下急迫=
量多次频
气味秽臭 ,或见少许黏液,肛门红
赤 ,腹痛时作,或伴恶心呕吐,或发热烦哭,
口渴尿黄。舌质红,
苔黄腻。脉滑数,指纹紫c
证候分析: 本证常有外感暑湿或饮食不洁史。湿热蕴结,下注大肠 ,传化失职。则泻下急
迫,量多次频;湿热交蒸,壅遏气机,则气味秽臭,伴有黏液,肛门红赤=
腹痛恶心呕吐;热重
于湿,可见发热。口渴尿黄;舌质红。苔黄腻。脉滑数。指纹紫为湿热蕴结之征。辨证要点:  泻下急迫,量多次频,
气味秽臭,舌质红,苔黄腻。治法:  清肠泄热,化湿止泻
主方:  葛根黄芩黄连汤 (《伤寒论》) 加减。常用药:  葛根。黄芩。黄连。地锦草。甘草。加减:  热重泻频者,加白头翁
马齿苋;湿重水泻者
加苍术。厚朴。车前子;发热口渴
者,加石膏。芦根;泛恶苔腻者 ,加广藿香。佩兰;呕吐者,加竹茹 _
半夏;腹痛腹胀者 ,加木
香。厚朴;纳差不乳者,加山楂。六神曲,麦芽;小便短赤者 ,加六一散。(2)  风寒泻
证候:  大便清稀 ,夹有泡沫,
臭味不甚,肠鸣腹痛,或伴恶寒发热,鼻流清涕,咳嗽,舌质
淡。苔薄白,脉浮'紧,指纹淡红。证候分析: 本证常有着凉受寒史。风寒客于肠胃,则大便清稀有泡沫,臭味不甚;外感风
寒,寒性收引,气机阻滞,则肠鸣腹痛;风寒束表,肺卫失和,则恶寒发热,咳嗽流涕;舌质
淡。苔薄白。脉浮紧`指纹淡红为风寒郁阻之象。辨证要点:  大便清稀有泡沫,臭味不甚,肠鸣腹痛。洽法:  疏风散寒 ,
化湿和中。主方:  藿香正气散 (《太平惠民和剂局方》)  加减。常用药:  广藿香 紫苏叶。白芷。生姜。半夏曲。陈皮。苍术。大腹皮。茯苓 大枣
甘草。加减:  大便质稀色淡,泡洙多者_
加防风;腹痛甚,里寒重者 ,加干姜。木香。砂仁;夹有
食滞者 ,加山楂。鸡内金;

[金匮要略 | 痰饮 > ) | )] 眩吐涎
小便不利
临床应用 )
本方证可兼见大便秘结 _
小便不利。浮肿。脉沉弦有力等症。病人服药后可泻出痰涎,
并有
舒适感。本方对肺心病。心包炎
胸膜炎.哮喘。肝硬化腹水。急性肾功能衰竭。幽门梗阻等属
饮邪内结。痰热壅滞的实证,均有一定疗效。但脾虚饮停者不宜。(医案举例 )
朱某,男,25 岁。春间患风寒咳嗽,及至全身浮肿,
医用开鬼门法 ,
浮肿全消,
但咳嗽仍
紧,腹感满胀:..迁延半年,腹大如鼓。吾夏月治其邻人某之病,
因来复诊,按脉沉实,面目浮
肿。口舌干燥,却不渴,腹大如瓮,有时鸣声胀满,延及膻中,小便黄短,大便燥结,数日一
行,起居饮食尚好,殊无羸状。如果属虚 ,
服药当效
而反增剧者 ,
其为实也明甚。审病起源风
寒,太阴之表邪未尽 ,水气留滞 ,不能由肺外散,
反而逐渐深入中焦,
与太阴之湿混合为一,并
走肠间 ,辘辘有声,而三焦决渎无权,不从膀胱气化而外溢 ,积蓄胃肠而成水臌。当趁其体质未
虚,乘时而攻去之。依《金匮》法,处防己椒目葶苈大黄丸 (改汤 )。此以防己`椒目行水,葶
苈泻肺,大黄清肠胃积热
可收快利之效。药后水泻数次。腹胀得减。再2剂。下利尤甚,腹又
遂消,小便尚不长,用扶脾利水滋阴之法,
改服茯苓导水汤配吞六味地黄丸。旬日而瘥。(赵守
真 .治验回忆录 .北京:  人民卫生出版社 ,

[中医诊断学 | 第七章 > 大肠湿热证 | 大肠湿热证] (十一) 大肠湿热证
大肠湿热证是指湿热壅阻肠道气机,大肠传导失常
以腹痛。泄泻及湿热症状为主要表现的
证。大肠湿热证又称肠道湿热证。
(证候表现]  腹痛,腹泻,肛门灼热,
或暴注下泻。色黄味臭;  或下痢赤白脓血,里急后重,
口渴
小便短赤 ,或伴恶寒发热 ,
或但热不寒; 舌红苔黄腻,脉滑数或濡数。
证候分析)  多因时令暑湿热毒侵袭,或饮食不洁 ,湿热秽浊积于大肠 ,
伤及肠道气血所致。
湿热侵袭大肠 ,
壅阻气机,故见腹痛;  湿热内迫肠道,大肠传导失常
故见腹泻,
肛门灼
热;  湿热蕴积大肠,热迫津液随湿浊下注,可见便次增多,泻如黄水; 湿热熏灼肠道,脉络损
伤,
血腐成脓则见痢下脓血;  湿热蒸迫肠道,肠道气机阻滞 ,
故见里急后重;  水液从大便外
泄,故见小便短赤;  热盛伤津,则见口渴; 若属外感,表邪未解,则见恶寒发热;  热盛于里则
但热不寒; 舌红苔黄腻,脉滑数或濡数。皆为湿热内蕴之象。
{辨证要点)腹痛。泄泻与湿热症状共见为主要表现。
0

[中国药典 2025年版 1部.pdf | chunk_2721] 大肠
、
肾经
。
【
功能与主治
1
敛肺
，
涩肠
，
止痛
。
用于久咳
，
久泻
，
脱
肛
，
脘腹疼痈
。
【
用法与用
S
】
3
〜
6
g
。
【
注意
】
本品易成瘾
，
不宜常服
；
孕妇及儿童禁用
；
运动
398
 -

[中国药典 2025年版 1部.pdf | chunk_1140] 。
【
功能与主治
】
泻水逐饮
，
消肿散结
。
用于水肿胀满
，
胸
腹积水
，
痰饮积聚
，
气逆咳喘
，
二便不利
，
痈肿疮毒
，
瘰疬痰核
。
【
用法与用董
】
1.5
〜
3
g
，
人丸散服
，
每次
lg
;
内服醋制
用
。
外用适虽
，
生用
。
【
贮藏
】
S
阴凉干燥处
。

161
 -

[医案示例] 用户问题（摘要）：男性，67岁，主诉及病史：左上腹长期作痛，病起于下痢之后，直肠镜有溃疡可见，西医诊为溃疡性结肠炎。大便常带脓血。1985年来针灸科治疗。诊查：左上腹隐隐作痛，天枢触之愀热胀痛，深压如有热肿癥瘕，脉取弦急，尺脉紧，而趺阳反小于寸口耳细。
四步推理：
- 信息提取：大便常带脓血;左上腹隐隐作痛;天枢触之愀热胀痛;深压如有热肿癥瘕;脉取弦急;尺脉紧
- 病机推理：大便常带脓血:湿热之邪留恋肠道;左上腹隐隐作痛:湿热之邪留恋肠道;天枢触之愀热胀痛:湿热之邪留恋肠道;深压如有热肿癥瘕:湿热之邪留恋肠道;脉取弦急:湿热之邪留恋肠道;尺脉紧:湿热之邪留恋肠道
- 证候推理：湿热之邪留恋肠道:阳明腑经湿热内攘
- 解释总结：临证体会：本例为湿热之邪留恋肠道，与气血相搏结，使肠道传导失司，脉络受伤，腐败化为脓血而痢下赤白；气机阻滞，腑气不通则腹痛。

[医案示例] 用户问题（摘要）：男性，24岁。初诊：1982年。主诉及病史：3年前因饮食不洁及受凉引起腹痛腹泻，下痢脓血，曾多次以中西药物治疗，虽稍有好转，但每当着凉或饮食不慎即反复发作。经市中医医院乙状结肠镜检查，距肛门25cm以下结肠粘膜弥漫性无血水肿，25～23cm处粘膜不光滑，19cm、11cm处有散在出血点，10cm处有多个表浅溃疡。病理：结肠粘膜充血水肿，粘膜上皮有糜烂，炎性细胞弥漫浸润，提示慢性炎症表现，于1982年收住院。诊查：现腹痛腹泻，多则10余次，少则五六次，脓血便，左少腹坠痛，里急后重，腹胀甚，肠鸣，食欲尚可，夜寐亦安，倦怠怯冷，面色胱白，舌红苔白，左脉弦略滑，右弦缓无力。查大便常规：脓球少许，红细胞较多，大便培养(一)，其他化验均未见异常。
四步推理：
- 信息提取：饮食不洁;受凉;腹痛腹泻;脓血便;左少腹坠痛;里急后重;腹胀甚;肠鸣;倦怠怯冷;面色胱白;左脉弦略滑
- 病机推理：B:寒热结滞肠间; C:复感寒邪; D:肠道传导失司; G:饮食不节; J:脾阳虚衰
- 证候推理：A:阻滞肠道; B:寒热互结; H:脾胃虚弱
- 解释总结：临证体会：此例系由于饮食不节复感寒邪而发，而治疗中寒温补泄诸法杂投，迄未中的。盖病痢日久，必伤脾胃，正虚邪恋，寒热夹杂，致使肠道传导失司，而便脓血长期不愈；寒热结滞肠间则腹作坠痛，里急后重；脾阳虚衰而现倦怠怯冷，面色少华。正虽虚而脉仍弦滑，可知为虚实寒热夹杂之象。

[医案示例] 用户问题（摘要）：男性，60岁。主诉及病史：患者为一外科痔疮住院病人，手术后不大便已6日，曾多次服泻下药无效，继又灌肠2次，大便仍不通，甚以为苦。西医亦感棘手。乃商于予，用中药通便。诊查：诊视病人大腹胀硬，面红气粗，欲大便不得。舌红少津，六脉沉涩。
四步推理：
- 信息提取：大腹胀硬;面红气粗;舌红少津;六脉沉涩
- 病机推理：大腹胀硬:血枯火秘证;面红气粗:血枯火秘证;舌红少津:血枯火秘证;六脉沉涩:血枯火秘证
- 证候推理：血枯火秘证:燥结便秘
- 解释总结：临证体会：本案为老年血枯火秘证，故泻下、灌肠便不通。","

### 四步推理：

#### 信息提取：
- 腹痛即泻；泻下急迫；便黄臭秽；肛门灼热；口渴喜冷饮；小便短赤；舌红苔黄腻；脉滑数。

#### 病机推理：
- **腹痛即泻，泻下急迫**：湿热蕴结肠道，气机壅滞，传导失司；
- **便黄臭秽，肛门灼热**：湿热熏灼肠道，迫津液下注，腐败化浊；
- **口渴喜冷饮，小便短赤**：湿热内蕴，耗伤津液，膀胱气化不利；
- **舌红苔黄腻，脉滑数**：舌红、苔黄腻为湿热内盛之象，脉滑数为热迫气机之征。

#### 证候推理：
- **核心证型**：**大肠湿热证**（符合《中医诊断学》大肠湿热证全部核心症状）。

#### 解释总结：
- **病机**：湿热秽浊之邪积于大肠，壅阻气机，迫津液下注，腐败成浊，故见腹痛即泻、便黄臭秽；湿热熏灼则肛门灼热；热盛伤津故口渴喜冷饮、小便短赤；舌脉均为湿热内蕴之象。
- **治法方向**：清热利湿，调气导滞。可参考《中医儿科学》“湿热泻”治法，以**葛根黄芩黄连汤**加减，如加车前子、木香以增强利湿行气之效。【来源 | 中医诊断学 | 大肠湿热证】【来源 | 中医儿科学.pdf | (三)分证论治_湿热泻】"
红花和藏红花是同一种药吗？,knowledge,5,红花与藏红花不是同一种药。红花为菊科植物红花的干燥花，性辛温，归心、肝经，长于活血通经、散瘀止痛；藏红花为鸢尾科植物番红花的干燥柱头，性甘微寒或甘平，归心、肝经，长于活血化瘀、凉血解毒、解郁安神。二者来源、性味、功效及临床应用均有差异，不能混同或随意替代。,"[中药学 | 第十九章 > 药理作用 | 药理作用] 2.药理作用
红花及其黄酮类活性成分具有显著抗凝血`抗血栓作用;  可保护血管内皮细
胞;  可缩小心肌梗死范围,
缓解微结构损伤;  能显著增加缺血再灌注后局部脑血流量
抗脑缺血
损伤;  具有抗炎。镇痛。双向调节子宫作用。此外 ,本品还具有抗糖尿病肾病
抗肿瘤。降血脂
等作用。
附葱:  西红花
本品为鸢尾科植物番红花 Crocus sativus L.的干燥柱头。又名
'藏红花'
'番红花"" 。主产于
西班牙
我国上海已引种成功。
性味甘_
微寒; 归心 肝经。功能活血化瘀 ,
凉血解毒,解郁安
神。适用于经闭癜瘢,产后瘀阻,温毒发斑
忧郁痞闷 ,
惊悸发狂。1~38,  煎服或沸水泡服。
孕妇慎用。
桃  仁
Tooren (《神农本草经》
本品为蔷薇科植物桃 Prunus persica ( 工.) Batsch 或山桃 Prunus davidiana
Carr。) Franch. 的干
燥成熟种子。主产于北京。山东。陕西。河南 _
辽宁。果实成熟后采收 =
除去果肉和核壳,取出
种子,晒干。本品气微。味微苦。
以颗粒均匀 _
饱满者为佳。生用,或照焯去皮用 炒黄用,
用时捣碎。
(药性/  苦。甘。平。归心。肝。大肠`肺经。
功效 )
活血祛瘀,润肠通便
止咳平喘。
应用 |

[中国药典 2025年版 1部.pdf | chunk_1141] 中国药典
2025
年版
红花龙胆
供试品溶液的制备取本品粉末
（
过三号筛
）
约
0.4
g
,
精
密称定
，
H
具塞锥形瓶中
，
精密加入
25
%
甲醇
50
ml
,
称定重
fl
,
超声处理
(
功率
300
W
,
频率
50
kHz
)
40
分钟
，
放冷
，
再称定
重
M
，
用
25
%
甲醇补足减失的重
£
1
•
，
摇匀
，
滤过
，
取续滤液
,
腋
，
花够简状
，
5
裂
；
花冠喇叭状
，
长
2
〜
3
.
5
cm
,
淡紫色或淡黄
棕色
，
先端
5
裂
，
裂片间褶流苏状
。
蒴果狭长
，
2
瓣裂
。
种子
扁卵形
，
长约
1
mm
,
具狹翅
。
气微浓香
，
茎叶味微苦
，
根味
极苦
。
【
鉴别
】
（
1
)
本品粉末绿色或黄绿色
。
下表皮细胞有明
显的角质纹理
，
中央有小且短的乳突
，
气孔不定式
。
上表皮细
胞稍小
，
隐现角质纹理
。
非腺毛
1
〜
9
个细胞
，
表面具明显的
纵向角质纹理
，
有的细胞含红色色素
，
基部常膨大或突起呈分
支状
。
木纤维单个或成束散在
，
细长条形
，
尖端倾斜或平截

[中国药典 2025年版 1部.pdf | chunk_639] 水红花子
中国药典
2025
年版
供试品溶液的制备取本品粉末
（
过三号筛
）
0
.
5
g
，
精密
称定
，
置具塞锥形瓶中
，
精密加入
75
%
甲醇
50
ml
，
称定
加热回流
30
分钟
，
放冷
，
再称定重
ffl
,
用
75
%
甲醇补足减失
的重
fi
，
摇匀
，
静置
，
取上淸液
，
即得
。
测定法分别精密吸取对照品溶液与供试品溶液各
5
M
1
，
注人液相色谱仪
，
测定
，
以水飞蓟宾两个峰面积之和计
算
，
即得
。
水 红 花 子
Shuihonghuazi
POLYGONI
ORIENTALIS
FRUCTUS
本品为寥科植物红寥
Polygonum
orientate
L
.
的
f
燥
成熟果实
#
秋季果实成熟时割取果穗
，
哂干
，
打下果实
，
除
去杂质
。
本品按干燥品计算
，
含水飞蓟宾
（
C
25
不得少于
0
.
60
%
.
【
性状
】
本品呈扁圆形
，
直径
2
〜
1.5
mni
，
厚
1
〜
1.5
mm
。
表面棕黑色
，
有的红棕色
，
有光泽
，
两面微凹
，
中部
略有纵向隆起
。

[中国药典 2025年版 1部.pdf | chunk_983] -
II
检测波长为
440
mn
。
理论板数按西红花
苷
-
I
峰计算应不低于
3500
。
90.0
%
。
【
性味与归经
】
咸
，
寒
。
归肺
、
胃
、
大肠经
。
【
功能与主治
】
清热泻火
，
消肿止痛
。
用于咽喉肿痛
，
喉
痹
，
口疮
。
【
用法与用置
】
0.5
〜
1.5
g
。
外用适量
，
研末吹敷患处
。
【
贮藏
】
密封
，
置千燥处
。
西 红 花
Xihonghua
CROCI
STIGMA
本品为鸢尾科植物番红花
Oocw
L
*
的干燥柱头
。
【
性状
】
本品呈线形
，
单独或三枚柱头连于一枚花柱上
,
长约
2
〜
3
.
5
cm
,
略弯曲
，
下端易断
。
暗红色
，
上部较宽而略扁
平
，
顶端边缘显不整齐的齿状
，
内侧有一短裂隙
，
下端有时残
留一小段黄色花柱
。
体轻
，
质松软
，
无油润光泽
，
干燥后质脆
易断
。
气特异
，
微有刺激性
，
味微苦
。
【
鉴别
】
（
1
)
本品粉末橙红色
。
表皮细胞表面观长条形
，
壁薄
，
微弯曲
，
有的外壁凸出呈乳头状或绒毛状
，
表面隐约可

[中国药典 2025年版 1部.pdf | chunk_1136] 处理
（
功率
300
W
,
频率
40
kHz
)
1
小时
，
放冷
，
再称定重量
，
用
甲醇补足减失的重量
，
摇匀
，
滤过
，
取续滤液
，
即得
。
测定法分别精密吸取对照品溶液与供试品溶液各
20
/
xl
,
注入液相色谱仪
，
测定
，
即得
。
本品按干燥品计算
，
含芦西定
（
Gs
1
^
。
05
)
应为
0
.
040
%
〜
红
花
Honghua
CARTHAMI
FLOS
本品为菊科植物红花
Carthamus
tine
lor
ius
L
.
的干燥
花
。
夏季花由黄变红时釆摘
，
阴干或晒干
。
【
性状
】
本品为不带子房的管状花
，
长
1
〜
2
cm
。
表面红
黄色或红色
。
花冠筒细长
，
先端
5
裂
，
裂片呈狭条形
，
长
5
〜
8
mm
;
雄蕊
5
,
花药聚合成筒状
，
黄白色
；
柱头长圆柱形
，
顶端
微分叉
。
质柔软
。
气微香
，
味微苦
。
【
鉴别
】
（
1
)
本品粉末橙黄色
。
花冠
、
花丝
、
柱头碎片多
见
，
有长管状分泌细胞常位于导管旁
，
直径约至
66
pm
,
含黄

[KG | TCM_KG | 红花 | 知识图谱聚合事实/中药] 知识图谱显示：红花相关中药包括腹痛。","

红花与藏红花并非同一种药材，二者在来源、性状、性味归经及功效上存在显著差异。具体分析如下：

---

### **1. 红花（Honghua）**
- **来源**：菊科植物红花 *Carthamus tinctorius* L. 的干燥花。
- **性状**：不带子房的管状花，表面红黄色或红色，花冠筒细长，先端5裂。
- **性味归经**：辛、温，归心、肝经（依据教材描述及药理作用推断）。
- **功效主治**：
  - 活血通经，祛瘀止痛。
  - 用于经闭、痛经、产后瘀阻、胸痹心痛等。
  - **药理作用**：抗凝血、抗血栓、保护血管内皮、抗炎等（【中药学 | 第十九章 > 药理作用】）。
- **配伍与应用**：常用于血瘀证，如与桃仁配伍增强活血效果（桃仁亦属活血药，见教材描述）。

---

### **2. 藏红花（即西红花，Xihonghua）**
- **来源**：鸢尾科植物番红花 *Crocus sativus* L. 的干燥柱头。
- **性状**：线形，暗红色，略弯曲，体轻质脆。
- **性味归经**：甘、微寒，归心、肝经（【中国药典 2025年版 | 西红花】）。
- **功效主治**：
  - 活血化瘀，凉血解毒，解郁安神。
  - 用于经闭癥瘕、温毒发斑、忧郁痞闷、惊悸发狂等。
- **特殊注意**：孕妇慎用（【中药学 | 第十九章 > 药理作用】附注）。

---

### **关键区别**
| **特征**       | **红花**                          | **藏红花（西红花）**               |
|-----------------|-----------------------------------|-----------------------------------|
| **来源科属**    | 菊科红花                           | 鸢尾科番红花                        |
| **药用部位**    | 花                                 | 柱头                              |
| **性味**        | 辛、温                             | 甘、微寒                           |
| **核心功效**    | 活血通经，祛瘀止痛                 | 活血化瘀+凉血解毒+解郁安神          |
| **用量**        | 2~10g（教材未明确，但红花常用量较大） | 1~3g（极少量，因药力强）            |

---

### **依据来源**
- 红花与西红花的来源、性状及性味归经差异：【中国药典 2025年版 | 西红花】、【中药学 | 第十九章 > 药理作用】。
- 红花附注提及“番红花即西红花”：【中药学 | 第十九章 > 药理作用】。
- 知识图谱补充红花关联“腹痛”主治：【TCM_KG | 知识图谱聚合事实/中药 | 红花】。

**结论**：二者为不同物种、不同药用部位的药材，功效侧重不同，不可混用。临床需严格区分。"
怀山药和普通山药有什么区别？,knowledge,5,怀山药与普通山药的主要区别在于产地和道地性。怀山药是指产于河南焦作等地的道地山药，传统认为品质最佳，药用价值更受重视；普通山药则泛指其他产地的山药。两者基础功效都与山药相近，均可补脾养胃、益肺补肾，但怀山药因道地产区与品质优势，在中药应用中更受推崇。,"[中国药典 2025年版 1部.pdf | chunk_263] ，
切面白色或黄白
色
，
质坚脆
，
粉性
。
气微
，
味淡
、
微酸
。
光山药呈圆柱形
，
两端平齐
，
长
9
〜
18
cm
,
直径
1.5
〜
3
cm
。
表面光滑
，
白色或黄白色
。
【
鉴别
】
（
1
)
本品粉末类白色
。
淀粉粒单粒扁卵形
、
三角
状卵形
、
类圆形或矩圆形
，
直径
8
〜
35
pm
,
脐点点状
、
人字状
、
十字状或短缝状
，
可见层纹
;
复粒稀少
，
由
2
〜
3
分粒组成
。
荜
酸钙针晶束存在于黏液细胞中
，
长约至
240
Mm
,
针晶粗
2
〜
5
pm
。
具缘纹孔导管
、
网纹导管
、
螺纹导管及环纹导管直径
12
〜
48
fxm
。
(
2
)
取本品粉末
4
g
,
加乙醇
30
ml
,
超声提取
30
分钟
，
滤
过
，
滤液蒸干
，
残渣加乙醇
lml
使溶解
，
作为供试品溶液
。
另
取山药对照药材
4
g
,
同法制成对照药材溶液
。
照薄层色谱法
(
通则
0502
)
试验
，
吸取上述两种溶液各
5
^
1
,
分别点于同一硅
胶
G
薄层板上
，
以乙酸乙酯
-
甲醇
-

[中国药典 2025年版 1部.pdf | chunk_260] ，
含莫诺苷
（
C
17
H
260
„
)
和马钱苷
(
C
17
H
2
$
0
,
o
)
的总世不得少于
0
.
70
%
。
【
鉴别
】
【
检查
】
(
水分总灰分
）
【
浸出物
】
同药材
。
7
性味与归经
】
酸
、
涩
，
微温
。
归肝
、
肾经
。
r
:
功能与主治
】
补益肝肾
，
收涩固脱
。
用于眩晕耳鸣
，
腰
膝酸痛
，
阳痿遗精
，
遗尿尿频
，
崩漏带下
，
大汗虚脱
，
内热消渴
。
【
用法与用置
】
6
〜
12
g
。
【
贮藏
】
置干燥处
，
防蛀
。
饮片
【
炮制
】
山药取毛山药或光山药除去杂质
，
分开大小
个
，
泡润至透
，
切厚片
，
干燥
。
【
性状
】
本品为类圆形
、
椭圆形或不规则的厚片
。
表面
类白色或淡黄白色
，
质脆
，
易折断
，
切面类白色
，
富粉性
。
气
微
，
味淡
、
微酸
，
嚼之发黏
。
【
浸出物
】
同药材
，
不得少于
4.0
%
。
【
鉴别
】
【
检查
】
同药材
。
山药片取山药片
，
除去杂质
。
【
性状
】
本品为不规则的厚片
，
皱缩不平
，
切面白色或黄

[中国药典 2025年版 1部.pdf | chunk_259] 中国药典
2025
年版
山柰
中
，
在与对照药材色谱相应的位
H
上
，
显相同颜色的荧光斑点
，
【
检 查
】
水 分 毛 山 药 和 光 山 药 不 得 过 山 药 片
不得过
12.0
%
(
通则
0832
第二法
）
，
总灰分毛山药和光山药不得过
4.0
%
f
山药片不得过
5.0
%
(
通则
2302
〉
。
二氧化硫残留量照二氧化硫残留童测定法
(
通则
2331
)
*
定
，
毛山药和光山药不得过
400
mg
/
kg
;
山药片不得过
10
mg
/
kg
,
【
浸出物
】
照水溶性浸出物测定法
（
通则
2201
)
项下的
冷浸法测定
，
毛山药和光山药不得少于
7.0
%
;
山药片不得少
于
10.0
%
o
【
含量涵定
】
同药材
。
酒萸肉取净山萸肉
，
照酒炖法或酒蒸法
（
通则
0213
)
炖
或蒸至酒吸尽
。
【
性状
】
本品形如山茱萸
，
表面紫黑色或黑色
，
质滋润柔
软
。
微有酒香气
。
【
含量测定
】
同药材
，
含莫诺苷
（
C
17
H
260
„
)
和马钱苷
(
C
17
H
2
$
0
,
o
)

[中国药典 2025年版 1部.pdf | chunk_261] 山药片取山药片
，
除去杂质
。
【
性状
】
本品为不规则的厚片
，
皱缩不平
，
切面白色或黄
白色
，
质坚脆
,
粉性
。
气微
，
味淡
、
微酸
。
【
鉴别
】
【
检查
】
【
浸出物
】
同药材
。
麸炒山药取毛山药片或光山药片
，
照麸炒法
（
通则
0213
)
炒至黄色
。
【
性状
】
本品形如毛山药片或光山药片
，
切面黄白色或
微黄色
，
偶见焦斑
,
略有焦香气
。
【
检查
】
水分同药材
，
不得过
12.0
%
。
【
浸出物
】
同药材
，
不得少于
4.0
%
。
【
鉴别
】
【
检查
】
(
总灰分二氧化硫残留量
）
同药材
。
【
性味与归经
】
甘
，
平
。
归脾
、
肺
、
肾经
。
【
功能与主治
】
补脾养胃
，
生津益肺
，
补肾涩精
。
用于脾
虚食少
，
久泻不止
，
肺虚喘咳
，
肾虚遗精
，
带下
，
尿频
，
虚热消
渴
。
麸炒山药补脾健胃
。
用于脾虚食少
，
泄泻便溏
，
白带过多
。
【
用法与用量
】
15
〜
30
g
。
【
贮藏
】
罝通风干燥处
，
防蛀
。
山
药
Shanyao

[中国药典 2025年版 1部.pdf | chunk_262] 】
15
〜
30
g
。
【
贮藏
】
罝通风干燥处
，
防蛀
。
山
药
Shanyao
DIOSCOREAE
RHIZOMA
本品为薯费科植物暮费
Dioscorea
opposita
Thunb
.
的干
燥根茎
。
冬季茎叶枯萎后采挖
，
切去根头
，
洗净
，
除去外皮和
须根
，
干燥
，
习称
“
毛山药
”
;
或除去外皮
，
趁鲜切厚片
，
干燥
，
称
为
“
山药片
”
;
也有选择肥大顺直的千燥山药
，
置清水中
，
浸至
无干心
，
闷透
，
切齐两端
，
用木板搓成圆柱状
，
晒干
，
打光
，
习称
“
光山药
”
。
【
性状
】
毛山药本品略呈圆柱形
，
弯曲而稍扁
，
长
15
〜
30
cm
,
直径
1.5
〜
6
cm
。
表面黄白色或淡黄色
，
有纵沟
、
纵皱
纹及须根痕
，
偶有浅棕色外皮残留
。
体重
，
质坚实
，
不易折断
，
断面白色
,
粉性
。
气微
，
味淡
、
微酸
，
嚼之发黏
。
山药片为不规则的厚片
，
皱缩不平
，
切面白色或黄白
色
，
质坚脆
，
粉性
。
气微
，
味淡
、
微酸
。
光山药呈圆柱形
，","

怀山药与普通山药的主要区别如下：

---

### **1. 定义与来源**
- **怀山药**：  
  可能指药典中定义的**光山药**，为道地药材，经特殊加工（搓圆、晒干、打光）而成。  
  *依据*：光山药加工工艺描述【来源 | chunk_262 | 山药性状】。

- **普通山药**：  
  通常指**毛山药**，即直接干燥的根茎，未经过特殊造型加工。  
  *依据*：毛山药性状描述【来源 | chunk_262 | 山药性状】。

---

### **2. 性状特征**
| **特征**       | **怀山药（光山药）**                          | **普通山药（毛山药）**                          |
|----------------|---------------------------------------------|---------------------------------------------|
| **形态**       | 圆柱形，两端平齐，表面光滑，长9~18cm，直径1.5~3cm | 略呈圆柱形，弯曲而稍扁，长15~30cm，直径1.5~6cm |
| **表面**       | 白色或黄白色，无残留外皮或须根痕迹                   | 表面黄白色或淡黄色，有纵沟、纵皱纹及须根痕，偶有外皮残留 |
| **质地与断面** | 质坚脆，断面白色或黄白色，粉性显著                 | 质坚实，断面白色，粉性，嚼之发黏                 |

*依据*：毛山药与光山药性状对比【来源 | chunk_262、chunk_263 | 山药性状】。

---

### **3. 性味与归经**
- **怀山药（光山药）**：  
  药典未直接标注，但推测与山药原药材一致，即**酸、涩，微温；归肝、肾经**。  
  *依据*：山药性味归经【来源 | chunk_260 | 性味与归经】。

- **普通山药（毛山药）**：  
  与光山药性味相同，但**麸炒山药**的炮制品性味为**甘，平；归脾、肺、肾经**，功能侧重补脾肺。  
  *依据*：麸炒山药性味与归经【来源 | chunk_261 | 性味与归经】。

---

### **4. 功能与主治**
- **怀山药（光山药）**：  
  推测与山药原药材功能一致，即**补益肝肾、收涩固脱**，用于：  
  - 眩晕耳鸣、腰膝酸痛、阳痿遗精、遗尿尿频、崩漏带下、大汗虚脱、内热消渴等。  
  *依据*：山药功能主治【来源 | chunk_260 | 功能与主治】。

- **普通山药（毛山药）**：  
  未炮制时与光山药主治相同；**麸炒后**则**补脾养胃、生津益肺**，用于：  
  - 脾虚食少、久泻不止、肺虚喘咳、白带过多等。  
  *依据*：麸炒山药功能主治【来源 | chunk_261 | 功能与主治】。

---

### **5. 加工与应用**
- **怀山药（光山药）**：  
  经特殊加工（搓圆、打光），商品规格统一，多用于肝肾不足证。  
- **普通山药（毛山药）**：  
  自然干燥，形态不规则，麸炒后多用于脾肺虚弱证。  
  *依据*：炮制方法与应用【来源 | chunk_261、chunk_262 | 炮制、功能主治】。

---

### **6. 知识库未直接覆盖点**
- **“怀山药”名称未在药典中明确提及**，推测其为光山药的道地品种，需结合产地信息判断。  
- **普通山药与毛山药是否完全等同**，需根据具体产地与加工方式进一步确认。

---

### **总结**
| **对比项**       | **怀山药（光山药）**               | **普通山药（毛山药）**               |
|------------------|----------------------------------|----------------------------------|
| **加工**         | 特殊造型，表面光滑                 | 自然干燥，形态不规则               |
| **性味归经**     | 酸、涩，微温；肝、肾经             | 麸炒后甘、平；脾、肺、肾经         |
| **主治侧重**     | 肝肾不足、固涩脱证                 | 脾肺虚弱、泄泻喘咳（麸炒后）       |

*注：以上结论基于药典对光山药与毛山药的描述推断，具体临床应用需结合炮制方法与证型。*"
川贝和浙贝有什么区别？怎么分辨？,knowledge,5,川贝与浙贝都属于贝母类药材，但来源、性味和功效侧重不同。川贝母味苦甘、性微寒，偏于清热润肺、化痰止咳，适用于肺热燥咳、阴虚劳嗽；浙贝母味苦、性寒，偏于清热化痰、散结消痈，适用于风热咳嗽、痰热郁肺及痰火郁结之瘰疬痰核等。临床区分重点在于川贝偏润肺止咳，浙贝偏清热散结。,"[中国药典 2025年版 1部.pdf | chunk_2150] 大者除
去芯芽
，
习称
“
大贝
”
;
小者不去芯芽
，
习称
“
珠贝
”
。
分别搲擦
，
除去外皮
，
拌以煅过的贝壳粉
，
吸去擦出的浆汁
，
干燥
;
或取鱗
茎
，
大小分开
，
洗净
，
除去芯芽
，
趁鲜切成厚片
，
洗净
，
干燥
，
习
称
“
浙贝片
”
。
【
性状
】
大贝为鱗茎外层的单瓣鱗叶
，
略呈新月形
，
髙
1
〜
2
cm
,
直径
2
〜
3
.
5
cm
。
外表面类白色至淡黄色
，
内表面白
色或淡棕色
，
被有白色粉末
。
质硬而脆
，
易折断
，
断面白色至
黄白色
，
富粉性
。
气微
,
味苦
。
珠贝为完整的鱗茎
，
呈扁圆形
，
髙
1
〜
1.5
cm
,
直径
1
〜
2.5
cm
。
表面黄棕色至黄褐色
，
有不规则的皱纹
；
或表面类白
色至淡黄色
，
较光滑或被有白色粉末
。
质硬
，
不易折断
，
断面
淡黄色或类白色
，
略带角质状或粉性
;
外层鱗叶
2
瓣
，
肥厚
，
略
似肾形
，
互相抱合
，
内有小鱗叶
2
〜
3
枚和干缩的残茎
。
浙贝片为椭圆形或类圆形片
，
大小不一
，
长
1.5
〜
3

[中国药典 2025年版 1部.pdf | chunk_323] ，
润透
，
切厚片
，
干燥
。
【
性状
】
本品呈类圆形厚片
。
切面边缘不整齐
，
残存皮
部黄棕色
，
木部浅黄棕色或浅黄色
，
有黄白色放射状纹理及
裂隙
，
其间密布细孔状导管
，
髓部较小
，
类白色或黄棕色
，
偶
有空腔
。
气微
，
味淡
。
【
鉴别
】
【
检查
】
【
浸出物
】
同药材
。
【
性味与归经
】
苦
，
寒
。
归心
、
小肠
、
膀胱经
。
【
功能与主治
】
利尿通淋
，
清心除烦
，
通经下乳
。
用于淋
证
，
水肿
，
心烦尿赤
，
口舌生疮
，
经闭乳少
，
湿热痹痛
。
【
用法与用置
】
3
〜
6
g
。
【
贮藏
】
置通风干燥处
，
防潮
。
川 贝 母
Chuanbeimu
FRITILLARIAE
CIRRHOSAE
BULBUS
本品为百合科植物川贝母
Fritillaria
cirrhosa
D
.
Don
、
暗紫贝母
Fritillaria
unibracteata
Hsiao
et
K
.
C
.
Hsia
、
甘肃
贝母
Fritillaria
przewalskii
Maxim
.
、
梭砂贝母

[中国药典 2025年版 1部.pdf | chunk_2151] 2
〜
3
枚和干缩的残茎
。
浙贝片为椭圆形或类圆形片
，
大小不一
，
长
1.5
〜
3
.
5
cm
，
宽
1
〜
2
cm
，
厚
0
.
2
〜
0
.
4
cm
。
外皮黄褐色或灰褐色
，
略
皱缩
;
或淡黄色
，
较光滑
。
切面微鼓起
，
灰白色
；
或平坦
，
粉白
色
。
质脆
,
易折断
，
断面粉白色
，
富粉性
。
【
鉴别
】
（
1
)
本品粉末淡黄白色
。
淀粉粒甚多
，
单粒卵
形
、
广卵形或椭圆形
，
直径
6
〜
56
/
xm
，
层纹可见
。
表皮细胞类
多角形或长方形
，
垂周壁连珠状增厚
；
气孔少见
，
副卫细胞
4
〜
5
个
。
草酸钙结晶少见
，
细小
，
多呈颗粒状
，
有的呈梭形
、
方形或细杆状
。
导管多为螺纹
，
直径至
18
pm
。
(
2
)
取本品粉末
5
g
,
加浓氨试液
2
ml
与三氣甲烷
20
ml
，
放
置过夜
，
滤过
，
取滤液
8
ml
，
蒸干
，
残渣加三氣甲烷
1
ml
使溶
解
，
作为供试品溶液
。
另取贝母素甲对照品
、
贝母素乙对照
即得
。
测定法分别精密吸取对照品溶液

[中国药典 2025年版 1部.pdf | chunk_319] 川贝母
中国药典
2025
年版
硫酸乙醇溶液
，
在
lost
：
加热至斑点显色清晰
，
分别
a
日光和
紫外光灯
(
365
nm
)
下检视
。
供试品色谱中
，
在与对照药材色
谱相应的位
S
上
，
显相同颜色的斑点或荧光斑点
。
【
检查
】
水分不得过
12.0
%
(
通则
0832
第二法
）
。
总灰分不得过
3.0
%
(
通则
2302
)
。
【
浸出物
】
照醇溶性浸出物测定法
（
通则
2201
)
项下的
热浸法测定
，
用
75
%
乙醇作溶剂
，
不得少于
4
.
0
%
。
栽培品呈类扁球形或短圆柱形
，
商
0
,
5
〜
2
cm
•
直径
1
〜
2
.
5
cm
。
表面类白色或浅棕黄色
，
稍粗糙
，
有的具浅黄色
斑点
。
外层鱗叶
2
瓣
，
大小相近
,
顶部多开裂而较平
，
【
鉴别
】
（
1
)
本品粉末类白色或浅黄色
*
松贝
、
靑贝及栽培品淀粉粒甚多
，
广卵形
、
长圆形或不
规则圆形
，
有的边缘不平整或略作分枝状
，
直径
5
〜
脐
点短缝状
、
点状
、
人字状或马蹄状
，
层纹隐约可见
，
表皮细胞

[中药学 | 第二十章 > 清化热痰药 > 瘰疬。瘿瘤,疮毒。肺痈。乳痈  本品苦泄性寒。清解热毒,化痰散结消痈。治痰火郁结 | 瘰疬。瘿瘤,疮毒。肺痈。乳痈  本品苦泄性寒。清解热毒,化痰散结消痈。治痰火郁结] 1.风热咳嗽。痰火咳嗽
本品功似川贝母,
苦寒之性较甚而偏苦泄,
长于清化热痰,
降泄肺
气。多用治风热咳嗽及痰热郁肺之咳嗽,前者常与桑叶
牛蒡子等同用,
后者多配瓜蒌。知母等。

2.瘰疬。瘿瘤,疮毒。肺痈。乳痈  本品苦泄性寒。清解热毒,化痰散结消痈。治痰火郁结
之瘰疬结核,可配玄参。牡蛎等,
如消瘰丸 (《医学心悟》);  治瘿瘤,配海藻。昆布;  治肺痈咳
吐脓血。常配鱼腥草。金荞麦。桃仁等;  治疮毒,乳痈,多配连翘。蒲公英等 ,
内服外用均可c
(用法用量 /
煎服,5~ I0g。
使用注意 )
不宜与川鸟。制川鸟`草鸟`制草乌。附子同用。
(鉴别用药 )
明代《本草纲目》以前的历代本草,
皆统称贝母。至《本草汇言》载贝母有
""川者为妙""  之说,清代《轩岐救正论》才正式有浙贝母之名。川。浙贝母清热化痰止咳之功
基本相同。但前者兼甘味,性偏于润,肺热燥咳,虚劳咳嗽用之为宜;  后者味苦。性偏于泄。风
热犯肺或痰热郁肺咳嗽用之为宜。至于清热散结消痈之功,二者共有,但以浙贝母为胜。此外,
平贝母。伊贝母在部分地区亦作川贝母用于清热润肺 _
化痰止咳,但无散结消痈之功。湖北贝母
的药性功用与浙贝母相似。土贝母的解毒散结消肿之功类似于浙贝母,
但无清热化痰止咳功效。
Miq:","

### 川贝与浙贝的区别及分辨方法

---

#### **一、来源与性状区别**
1. **川贝母**  
   - **来源**：为川贝母、暗紫贝母、甘肃贝母、梭砂贝母等的干燥鳞茎。  
   - **性状**：  
     - **松贝**：外形如“怀中抱月”，外层两鳞叶大小悬殊，大瓣紧抱小瓣，顶端闭合，底部平。表面类白色或浅棕黄色，质硬脆，断面平坦，富粉性，味微苦。  
     - **青贝**：类圆形，外层两鳞叶大小相近，顶端开裂，表面浅棕色，被有灰黄色苔衣。  
     - **炉贝**：长锥形，表面具深纵沟，断面呈角质样。  
   - **依据**：【中药学 | 第二十章 | 清化热痰药】、【中国药典 2025年版 1部.pdf | chunk_319】  

2. **浙贝母**  
   - **来源**：为浙贝母的干燥鳞茎。  
   - **性状**：  
     - **大贝**：单瓣鳞叶，新月形，表面类白色至淡黄色，内表面白色或淡棕色，断面富粉性。  
     - **珠贝**：扁圆形，表面黄棕色至黄褐色（有皱纹）或类白色（被白色粉末），质硬，断面略角质或粉性。  
     - **浙贝片**：切片，外皮黄褐色或淡黄色，切面灰白或粉白色，富粉性。  
   - **依据**：【中国药典 2025年版 1部.pdf | chunk_2150、2151】  

---

#### **二、性味与功效区别**
1. **川贝母**  
   - **性味**：甘苦，微寒。  
   - **功效**：清热润肺，化痰止咳，散结消痈。  
   - **主治**：肺燥或肺虚咳嗽（如干咳少痰、阴虚劳嗽），痰热咳嗽，肺痈，瘰疬，疮毒。  
   - **特点**：性偏润，润肺力强，适合阴虚燥咳或久咳。  
   - **依据**：【中药学 | 第二十章 | 清化热痰药】  

2. **浙贝母**  
   - **性味**：苦，寒。  
   - **功效**：清热化痰，散结消痈。  
   - **主治**：风热咳嗽、痰热壅肺，瘰疬痰核，疮痈肿毒（如乳痈、肺痈）。  
   - **特点**：性偏泄，苦寒清热力强，长于散结消肿，对实热痰火证更优。  
   - **依据**：【中药学 | 第二十章 | 清化热痰药】  

---

#### **三、应用配伍差异**
1. **川贝母**  
   - 配沙参、麦冬：润肺止咳，治阴虚燥咳。  
   - 配瓜蒌、知母：清热化痰，治痰热咳嗽。  
   - 配天花粉、桔梗：清肺排脓，治肺痈。  

2. **浙贝母**  
   - 配连翘、蒲公英：清热解毒，治疮毒乳痈。  
   - 配玄参、牡蛎：软坚散结，治瘰疬瘿瘤。  
   - 配桑叶、牛蒡子：疏风清热，治风热咳嗽。  

---

#### **四、分辨要点**
| **特征**       | **川贝母**                          | **浙贝母**                          |
|-----------------|-------------------------------------|-------------------------------------|
| **外形**        | 松贝“怀中抱月”，青贝“顶端开裂”     | 珠贝“扁圆形”，大贝“新月形”        |
| **断面**        | 富粉性，断面平坦                   | 粉性或略角质                        |
| **味道**        | 微苦                            | 味苦                              |
| **功效侧重**    | 润肺止咳，兼散结                    | 清热化痰，善散结消痈                |

---

#### **五、注意事项**
- **配伍禁忌**：均不宜与川乌、附子同用（【中药学 | 第二十章 | 清化热痰药】）。  
- **临床选择**：  
  - 肺燥干咳、阴虚久咳选川贝；  
  - 风热咳嗽、痰火郁结、疮痈肿毒选浙贝。  

---

**关键结论依据**：  
- 性状描述：【中国药典 2025年版 1部.pdf | chunk_2150、2151、319】  
- 功效与应用：【中药学 | 第二十章 | 清化热痰药】"
人参和萝卜能一起吃吗？,knowledge,5,从中医传统用药经验看，人参与萝卜一般不建议同食或同时服用。人参长于大补元气，萝卜则有消食化积、下气宽中之性，传统认为萝卜的下气作用可能影响人参的补气效果。因此在服用人参期间，通常建议与萝卜错开使用，尤其是气虚需补者更应谨慎。,"[中国药典 2025年版 1部.pdf | chunk_138] 】
同药材
，
含人参皂苷
Rgl
(
C
42
H
72014
)
和人
参皂苷
Re
(
C
48
H
82
018
)
的总贵不得少于
0
.
27
%
,
人参皂苷
不得少于
0.18
%
。
【
鉴别
】
(
除横切面外
）
【
检査
】
同药材
。
【
性味与归经
】
甘
、
微苦
，
微温
。
归脾
、
肺
、
心
、
肾经
。
【
功能与主治
】
大补元气
，
复脉固脱
，
补脾益肺
，
生渖养血
,
安神益智
。
用于体虚欲脱
，
肢冷脉微
，
脾虚食少
，
肺虚喘咳
，
渖伤
口渴
，
内热消渴
，
气血亏虚
，
久病虚嬴
，
惊悸失眠
，
阳痿宫冷
。
【
用法与用量
】
3
〜
9
g
，
另煎兑服
；
也可研粉吞服
，
一次
2
g
,
—
0
2
次
。
【
注意
】
不宜与藜芦
、
五灵脂同用
。
【
贮藏
】
置阴凉干燥处
，
密闭保存
，
防蛀
。
对照品溶液的制备取人参皂苷对照品
、
人参皂苷
Re
对照品适址
，
粮密称定
，
加甲酚制成每
lml
含人参皂苷
Rg
.
0.25
mg
、
人参皂背
Re
0.5
mg
的混合溶液
，
即得
。

[中国药典 2025年版 1部.pdf | chunk_127] ml
含农药对照品
1
/
xg
)
。
参
人
Renshen
GINSENG
RADIX
ET
RHIZOMA
本品为五加科植物人参
Panax
ginseng
C
.
A
.
Mey
.
的干
燥根和根茎
。
多于秋季采挖
，
洗净
，
晒干或烘干
。
栽培的俗称
“
园参
”
;
播种在山林野生状态下自然生长的称
“
林下山参
”
，
习
称
“
籽海
'
i
性状
】
主根呈纺锤形或圆柱形
，
长
3
〜
15
cm
,
直径
1
〜
2
cm
。
表面灰黄色
，
上部或全体有疏浅断续的粗横纹及明显
的纵皱
，
下部有支根
2
〜
3
条
，
并着生多数细长的须根
，
须根上
常有不明显的细小疣状突出
。
根茎
（
芦头
）
长
1
〜
4
cm
，
直径
0.3
〜
1.5
cm
,
多拘挛而弯曲
，
具不定根
（
宁
）
和稀疏的凹窝状
茎痕
（
芦碗
）
。
质较硬
，
断面淡黄白色
，
显粉性
，
形成层环纹棕
黄色
，
皮部有黄棕色的点状树脂道及放射状裂隙
。
香气特异
，
味微苦
、
甘
。
或主根多与根茎近等长或较短
，
呈圆柱形
、
菱角形或人字
形
，
长

[中国药典 2025年版 1部.pdf | chunk_1164] Re
(
C
<
sHS
20
ls
)
的总量不得少于
0
.
25
%
,
人参皂苷
Rh
(
Cs
,
H
92023
)
不得少于
0
.
20
%
.
饮 片
【
炮制
】
用时捣碎
;
或润透
，
切薄片
，
干燥
。
红参片
【
性状
】
本品呈类圆形或椭圆形薄片
。
外表皮
红棕色
，
半透明
。
切面平坦
，
角质样
。
质硬而脆
。
气微香而特
异
，
味甘
、
微苦
。
【
含量测定
】
同药材
，
含人参皂苷
RgAC
^
H
^
On
)
和人
参皂苷
Re
(
C
48
HS
2018
)
的总量不得少于
0
.
22
%
,
人参皂苷
Rb
!
(
C
54
H
92
O
23
)
不得少于
0.18
%
o
【
鉴别
】
(
除横切面外
）
【
检查
】
同药材
。
【
性味与归经
】
甘
、
微苦
，
温
。
归脾
、
肺
、
心
、
肾经
。
【
功能与主治
】
大补元气
，
复脉固脱
，
益气摄血
。
用于体
虚欲脱
，
肢冷脉微
，
气不摄血
，
崩漏下血
。
【
用法与用
S
】
3
〜
9
g
，
另煎兑服
。
【
注意
】
不宜与藜芦
、

[中药学 | 第二十四章 > 人参叶  本品为五加科植物人参 Panax ginseng C.A.Mey: 的干燥叶。味苦。甘。性寒;  归 | 人参叶  本品为五加科植物人参 Panax ginseng C.A.Mey: 的干燥叶。味苦。甘。性寒;  归] 2.人参叶  本品为五加科植物人参 Panax ginseng C.A.Mey: 的干燥叶。味苦。甘。性寒;  归
肺。胃经。功能补气。益肺,祛暑,
生津。适用于气虚咳嗽,
暑热烦躁,津伤口渴,头目不清,
四肢倦乏。煎服,3 ~ %g。不宜与藜芦。五灵脂同用。
0
西洋参
Xiyangshen (《增订本草备要》)
本品为五加科植物西洋参 Panax quinquefolium I. 的干燥根。主产于美国。加拿大,
我国亦
有栽培。秋季采挖,洗净
晒干或低温干燥。切薄片,
或用时打碎。本品气清香而味浓,味微苦
而甘。以表面横纹紧密
气清香 。味浓者为佳。生用
(药性)  甘。徵苦,凉。归心`肺。肾经。
(功效)  补气养阴,清热生津。
(应用 )

[中国药典 2025年版 1部.pdf | chunk_2078] ，
有毒
，
不可当柴胡用
。
【
贮藏
】
置通风干燥处
，
防蛀
。
饮片
【
炮制
】
党参除去杂质
，
洗净
，
润透
，
切厚片
，
干燥
。
【
性状
】
本品呈类圆形的厚片
。
外表皮灰黄色
、
黄棕色
至灰棕色
，
有时可见根头部有多数疣状突起的茎痕和芽
。
切
面皮部淡棕黄色至黄棕色
，
木部淡黄色至黄色
，
有裂隙或放射
状纹理
。
有特殊香气
，
味微甜
。
【
鉴别
】
【
检查
1
【
浸出物
】
同药材
。
米炒党参取党参片
，
照炒法
(
通则
0213
)
用米拌炒至表
面深黄色
，
取出
，
筛去米
，
放凉
。
每
100
kg
党参片
，
用米
20
kg
。
【
性状
】
本品形如党参片
，
表面深黄色
，
偶有焦斑
。
【
检查
】
水分同药材
，
不得过
10.0
%
。
【
鉴别
】
【
检查
】
(
总灰分二氧化硫残留
S
)
【
漫出物
】
参
党
Dangshen
CODONOPSIS
RADIX
本品为梧梗科植物党参
Codonopsis
pilosula
(
Franch
.
)
Nannf
.
、
素花党参

[KG | TCM_KG | 人参 | 知识图谱聚合事实/中药|贮藏] 知识图谱显示：人参相关中药包括腹痛、阳痿、半身不遂，贮藏要求为防蛀、置阴凉干燥处。","

【人参与萝卜配伍问题解答】

1. **知识库直接覆盖结论**  
   根据提供的《中国药典》及知识图谱资料，人参的配伍禁忌仅明确提及""不宜与藜芦、五灵脂同用""【来源 | chunk_138 | 性味与归经】,【来源 | chunk_1164 | 注意】。**未直接提及人参与萝卜存在配伍禁忌**。

2. **中医传统常识补充说明**  
   - **萝卜属性**：萝卜性凉，味甘辛，具消食、通气、化痰之效，可能削弱人参大补元气的作用（此为中医传统经验，非当前资料明确记载）。  
   - **现代研究视角**：部分研究认为萝卜含维生素C可能影响人参皂苷吸收，但缺乏权威临床数据支持此结论。

3. **基于资料的审慎建议**  
   - **可同用但需注意**：若非同时服用，或萝卜作为日常饮食少量食用，通常无碍。  
   - **禁忌重点**：严格避免与藜芦、五灵脂同用【来源 | chunk_138 | 注意】,【来源 | chunk_127 | 注意】。  
   - **体质差异**：脾胃虚寒者同食可能引发腹胀，建议咨询医师调整用法。

4. **人参核心信息摘要（依据资料）**  
   - **性味归经**：甘、微苦，微温；归脾、肺、心、肾经【来源 | chunk_138 | 性味与归经】。  
   - **功能主治**：大补元气，复脉固脱，补脾益肺，生津养血，安神益智【来源 | chunk_138 | 功能与主治】。  
   - **贮藏要求**：阴凉干燥处密闭防蛀【来源 | chunk_138 | 贮藏】。  

结论：**知识库未直接说明人参与萝卜不可同用，但建议根据体质和用量谨慎搭配，并优先避免明确禁忌药物**。"
“十八反”是什么？有哪些药不能一起用？,knowledge,5,“十八反”是中药配伍禁忌的重要内容，指某些药物相反，不宜同用。常见内容包括：乌头类反贝母、瓜蒌、半夏、白蔹、白及；甘草反甘遂、大戟、海藻、芫花；藜芦反人参、沙参、丹参、玄参、细辛、芍药等。其核心意义在于提示临床配伍需避开传统禁忌组合，以保证用药安全。,"[中药学 | 第六章 > 第一节 | 第一节] 硬化及肾炎水肿,人参,
五灵脂
同用治冠心病,芫花。大戟。甘遂与甘草合用治结核性胸膜炎,取得了较好的效果,从而肯定了
反药可以同用的观点。由此可见,无论文献资料.临床观察或实验研究目前均无统一的结论
说明对十八反 十九
畏的科学研究还要做长期艰苦。深入`细致的工作 ,
去伪存真。才能得出推确的结论。国家科技
部将十八反配伍禁忌本质的研究列入了2011年度国家重点基础研究发展计划 (973计划 ),从文
献。实验及临床等方面对十八反的内容展开了深入细致的研究工作。但目前在尚未搞清反药是否
能同用的情况下
临床用药应采取慎重从事的态度,对于其中一些反药若无充分把握,最好不宜
配伍使用,以免发生意外。

[中药学 | 第六章 > 第一节 | 第一节] 40
中药学
则彼我交仇,必不宜合。孙思邈则谓: ""草石相反,使入迷乱,力甚刀剑。这些医家均强调了
反药不可同用,有的医家如《医说》甚则描述了相反药同用而致的中毒症状及解救方法。现代临
床;实验研究也有不少文献报逍反药同用 (如贝母与乌头同用。巴豆与牵牛同用 )引起中毒的例
证。因此,《中国药典》1963 年版 ""凡例""  中即明确规定: ""注明畏。恶。反。系指一般情祝下不
宜同用。此外 ,古代也有不少反药同用的文献记载,
认为反药同用可起到相反相成。反抗夺积的效
能。如《医学正传》谓: ""外有大毒之疾 ,必有大毒之药以攻之,又不可以常理论也。;如古方感
应丸,用巴豆。牵牛同剂 ,
以为攻坚积药;四物汤加人参.五灵脂辈,
以治血块;丹溪治尸瘵
二十四味莲心散
以甘草。芫花同剂 ,
而妙处在此,是盖贤者真知灼见,方可用之,昧者不可妄
试以杀人也。《本草纲目》也说: ""相恶_
相反同用者,霸道也
有经有权,在用者识悟尔。这
些医家则强调了反药可以同用。正如上述,古今反药同用的方剂也是屡见不鲜的。如《金匮要
略》甘遂半夏汤中甘遂
甘草同用治留饮,赤丸以乌头
半夏合用洽寒气厥逆;《千金翼方》中
大排风散。大宽香丸都用乌头配半夏。瓜蒌。贝母。白及。白蔹;《儒门事亲》通气丸中海藻
甘草同用;《外科正宗》海藻玉壶汤中海藻。甘草同用;《景岳全书》的通气散则以藜芦配玄参治
时毒肿盛。咽喉不利。现代也有文献报逍用甘遂。甘草配伍治肝硬化及肾炎水肿,人参,
五灵脂
同用治冠心病,芫花。大戟。甘遂与甘草合用治结核性胸膜炎,取得了较好的效果,从而肯定了
反药可以同用的观点。由此可见,无论文献资料.临床观察或实验研究目前均无统一的结论
说明对十八反 十九
畏的科学研究还要做长期艰苦。深入`细致的工作 ,
去伪存真。才能得出推确的结论。

[中药学 | 第六章 > 第一节 | 第一节] 莫与郁金见,牙硝难合京
三棱,川鸟。草鸟不顺犀,人参最怕五灵脂,官桂善能调:气,若逢石脂便相欺,大凡修合看顺
逆,炮熘炙爝莫相依。十九畏是指硫黄畏朴硝 (芒硝 )水银畏砒霜,
狼毒畏密陀僧
巴豆畏牵
牛,丁香畏郁金,川鸟
草鸟畏犀角 ,
牙硝 (芒硝 )畏三棱,官桂(肉桂)畏赤石脂,人参畏五
灵脂。此后 ,虽然《本草纲目 》《药鉴》《炮炙大法》等书所记略有出入,但不如上述十八反。十九
畏歌诀那样广为传诵。反药能否同用 ,
历代医家众说纷纭。一些医家认为反药同用会增强毒性。损害机体,因而强
调反药不可同用。除《神农本草经》提出 ""勿用相恶
相反者   外 ,《本草经集注》也谓: ""相反

[中药学 | 第六章 > 第一节 | 第一节] 第一节
配伍禁忌
所谓配伍禁忌,
就是指某些中药合用会产生或增强剧烈的毒副作用,
或降低。破坏药效,因
而应该避免配合应用,
即《神农本草经》所谓 ""勿用相恶_
相反者""
目前医药界共同认可的中药配伍禁忌有 ""十八反""  和 ""十九畏""
五代后蜀韩保舁修订《蜀
本草》时 ,首先统计药物七情数目。提到 ""相恶者六十种
相反者十八种""
今人所谓 ""十八反""
之名,盖源于此。至《证类本草》载反药24种,《本草纲目》载相反药物36种,但无论古代医
籍所列举的相反药物如何增减,仍然沿用 ""十八反""  的名称,可见 ""十八反""  已经失去固定数量
的含义。相畏为中药七情之一,内容已如前述。但从宋代开始,
些医药著作中 =
出现畏 恶_
反名称使用混乱的状祝,与《神农本草经》""相畏'
的原义相悖。作为中药配伍禁忌的 ""十九畏'
就是在这种情况下提出的。'十八反""  歌诀最早见于金
张子和《儒门事亲》: ""本草明言十八反 ,
半蒌贝蔹及攻乌,藻
戟遂芫俱战草 ,诸参辛芍叛藜芦。十八反是指鸟头 (包括川鸟
草鸟 附子 )反浙贝母 川贝
母。平贝母。伊贝母。湖北贝母。瓜蒌。瓜蒌皮。瓜蒌子。天花粉。半夏。卣及。白蔹甘草反
甘遂。京大戟。红大戟。海藻。芫花,藜芦反人参。西洋参。党参。丹参 。玄参。南沙参。北沙
参。苦参。细辛。白芍。赤芍。(十九畏""  歌诀首见于明 .刘纯《医经小学》: ""硫黄原是火中精,朴硝一见便相争 ,
水银莫
与砒霜见。狼毒最怕密陀僧
巴豆性烈最为上,偏与牵牛不顺情,丁香莫与郁金见,牙硝难合京
三棱,川鸟。草鸟不顺犀,人参最怕五灵脂,官桂善能调:气,若逢石脂便相欺,大凡修合看顺
逆,炮熘炙爝莫相依。十九畏是指硫黄畏朴硝 (芒硝 )水银畏砒霜,
狼毒畏密陀僧
巴豆畏牵
牛,丁香畏郁金,川鸟
草鸟畏犀角 ,
牙硝 (芒硝 )畏三棱,官桂(肉桂)畏赤石脂,人参畏五
灵脂。

[中国药典 2025年版 1部.pdf | chunk_1443] 】
同附片
。
【
性味与归经
】
辛
、
甘
,
大热
;
有毒
。
归心
、
肾
、
脾经
。
【
功能与主治
】
回阳救逆
，
补火助阳
，
散寒止痛
9
用于
亡阳虛脱
，
肢冷脉微
，
心阳不足
，
胸痹心痛
，
虚寒吐泻
，
脘腹
冷痛
，
肾阳虚衮
，
阳瘘宫冷
，
阴寒水肿
，
阳虚外感
，
寒湿
时间
（
分钟
)
流动相
A
(
%
)
流动相
B
(
%
)
15
—
26
85
—
74
0
〜
48
26
—
35
74
-
^
65
48
〜
49
49
〜
58
35
65
35
—
15
65
—
85
58
〜
65
痹痛
。
对照品溶液的制备取苯甲酰新乌头原碱对照品
、
苯甲
酰乌头原碱对照品
、
苯甲酰次乌头原碱对照品适
tt
,
精密称
定
，
加异丙醇
-
二氯甲烷
（
1
:
1
)
混 合 溶 液 制 成 每
1
ml
各 含
10
/
xg
的混合溶液
，
即得
。
供试品溶液的制备取本品粉末
（
过三号筛
）
约
2
g
,
精密
称定
，
置具塞锥形瓶中
，
加氨试液
3
ml
，
精密加人异丙醇
-
乙酸
乙酯
（
1
:
1
)","

### 十八反定义  
**十八反**是中药配伍禁忌之一，指某些药物合用会产生或增强毒副作用，需避免配合应用。名称源于《蜀本草》对《神农本草经》中“相反者十八种”的总结，后世虽增减药物种类，但沿用此名称。【来源 | 第六章 > 第一节 | 第一节】

---

### 十八反具体药物配伍禁忌  
根据歌诀“**本草明言十八反，半蒌贝蔹及攻乌，藻戟遂芫俱战草，诸参辛芍叛藜芦**”，具体禁忌组合如下：  

1. **甘草反**  
   - **相反药物**：甘遂、京大戟、红大戟、海藻、芫花。  
   - **依据**：《金匮要略》甘遂半夏汤（甘草与甘遂同用）等古方虽有反药配伍案例，但现代临床一般谨慎使用。【来源 | 第六章 > 第一节 | 第一节】

2. **藜芦反**  
   - **相反药物**：人参、西洋参、党参、丹参、玄参、南沙参、北沙参、苦参、细辛、白芍、赤芍。  
   - **依据**：如《景岳全书》通气散以藜芦配玄参，但需严格辨证。【来源 | 第六章 > 第一节 | 第一节】

3. **乌头类（川乌、草乌、附子）反**  
   - **相反药物**：浙贝母、川贝母、平贝母、伊贝母、湖北贝母、瓜蒌（含瓜蒌皮、瓜蒌子、天花粉）、半夏、白及、白蔹。  
   - **依据**：如《医学正传》记载反药可“相反相成”，但《中国药典》强调一般不宜同用。【来源 | 第六章 > 第一节 | 第一节】

---

### 注意事项  
1. **临床应用原则**：  
   - 《中国药典》规定“一般情况下不宜同用”，需谨慎配伍，无充分把握时避免使用。【来源 | 第六章 > 第一节 | 第一节】  
   - 古代有反药同用案例（如甘草与甘遂治水肿），但需高临床经验，不可盲目效仿。  

2. **研究现状**：  
   - 十八反的科学机制尚未完全明确，国家已将其列为科研重点（如2011年973计划），需长期研究验证。【来源 | 第六章 > 第一节 | 第一节】

---

### 总结  
**十八反**的核心是避免上述三组药物配伍，临床需严格遵循配伍禁忌，尤其在缺乏充分证据或经验时，应避免反药同用以防止毒性反应。"
